MEMORY_INITIALIZATION_RADIX=16;
MEMORY_INITIALIZATION_VECTOR=
0000FFFF,
55AACC03,
AA5503CC,
00000000,
FFFFFFFF,
0005FFFA,
0006FFF9,
0007FFF8,
0008FFF7,
0009FFF6,
000AFFF5,
000BFFF4,
000CFFF3,
000DFFF2,
000EFFF1,
000FFFF0,
0010FFEF,
0011FFEE,
0012FFED,
0013FFEC,
0014FFEB,
0015FFEA,
0016FFE9,
0017FFE8,
0018FFE7,
0019FFE6,
001AFFE5,
001BFFE4,
001CFFE3,
001DFFE2,
001EFFE1,
001FFFE0,
0020FFDF,
0021FFDE,
0022FFDD,
0023FFDC,
0024FFDB,
0025FFDA,
0026FFD9,
0027FFD8,
0028FFD7,
0029FFD6,
002AFFD5,
002BFFD4,
002CFFD3,
002DFFD2,
002EFFD1,
002FFFD0,
0030FFCF,
0031FFCE,
0032FFCD,
0033FFCC,
0034FFCB,
0035FFCA,
0036FFC9,
0037FFC8,
0038FFC7,
0039FFC6,
003AFFC5,
003BFFC4,
003CFFC3,
003DFFC2,
003EFFC1,
003FFFC0,
0040FFBF,
0041FFBE,
0042FFBD,
0043FFBC,
0044FFBB,
0045FFBA,
0046FFB9,
0047FFB8,
0048FFB7,
0049FFB6,
004AFFB5,
004BFFB4,
004CFFB3,
004DFFB2,
004EFFB1,
004FFFB0,
0050FFAF,
0051FFAE,
0052FFAD,
0053FFAC,
0054FFAB,
0055FFAA,
0056FFA9,
0057FFA8,
0058FFA7,
0059FFA6,
005AFFA5,
005BFFA4,
005CFFA3,
005DFFA2,
005EFFA1,
005FFFA0,
0060FF9F,
0061FF9E,
0062FF9D,
0063FF9C,
0064FF9B,
0065FF9A,
0066FF99,
0067FF98,
0068FF97,
0069FF96,
006AFF95,
006BFF94,
006CFF93,
006DFF92,
006EFF91,
006FFF90,
0070FF8F,
0071FF8E,
0072FF8D,
0073FF8C,
0074FF8B,
0075FF8A,
0076FF89,
0077FF88,
0078FF87,
0079FF86,
007AFF85,
007BFF84,
007CFF83,
007DFF82,
007EFF81,
007FFF80,
0080FF7F,
0081FF7E,
0082FF7D,
0083FF7C,
0084FF7B,
0085FF7A,
0086FF79,
0087FF78,
0088FF77,
0089FF76,
008AFF75,
008BFF74,
008CFF73,
008DFF72,
008EFF71,
008FFF70,
0090FF6F,
0091FF6E,
0092FF6D,
0093FF6C,
0094FF6B,
0095FF6A,
0096FF69,
0097FF68,
0098FF67,
0099FF66,
009AFF65,
009BFF64,
009CFF63,
009DFF62,
009EFF61,
009FFF60,
00A0FF5F,
00A1FF5E,
00A2FF5D,
00A3FF5C,
00A4FF5B,
00A5FF5A,
00A6FF59,
00A7FF58,
00A8FF57,
00A9FF56,
00AAFF55,
00ABFF54,
00ACFF53,
00ADFF52,
00AEFF51,
00AFFF50,
00B0FF4F,
00B1FF4E,
00B2FF4D,
00B3FF4C,
00B4FF4B,
00B5FF4A,
00B6FF49,
00B7FF48,
00B8FF47,
00B9FF46,
00BAFF45,
00BBFF44,
00BCFF43,
00BDFF42,
00BEFF41,
00BFFF40,
00C0FF3F,
00C1FF3E,
00C2FF3D,
00C3FF3C,
00C4FF3B,
00C5FF3A,
00C6FF39,
00C7FF38,
00C8FF37,
00C9FF36,
00CAFF35,
00CBFF34,
00CCFF33,
00CDFF32,
00CEFF31,
00CFFF30,
00D0FF2F,
00D1FF2E,
00D2FF2D,
00D3FF2C,
00D4FF2B,
00D5FF2A,
00D6FF29,
00D7FF28,
00D8FF27,
00D9FF26,
00DAFF25,
00DBFF24,
00DCFF23,
00DDFF22,
00DEFF21,
00DFFF20,
00E0FF1F,
00E1FF1E,
00E2FF1D,
00E3FF1C,
00E4FF1B,
00E5FF1A,
00E6FF19,
00E7FF18,
00E8FF17,
00E9FF16,
00EAFF15,
00EBFF14,
00ECFF13,
00EDFF12,
00EEFF11,
00EFFF10,
00F0FF0F,
00F1FF0E,
00F2FF0D,
00F3FF0C,
00F4FF0B,
00F5FF0A,
00F6FF09,
00F7FF08,
00F8FF07,
00F9FF06,
00FAFF05,
00FBFF04,
00FCFF03,
00FDFF02,
00FEFF01,
00FFFF00,
0100FEFF,
0101FEFE,
0102FEFD,
0103FEFC,
0104FEFB,
0105FEFA,
0106FEF9,
0107FEF8,
0108FEF7,
0109FEF6,
010AFEF5,
010BFEF4,
010CFEF3,
010DFEF2,
010EFEF1,
010FFEF0,
0110FEEF,
0111FEEE,
0112FEED,
0113FEEC,
0114FEEB,
0115FEEA,
0116FEE9,
0117FEE8,
0118FEE7,
0119FEE6,
011AFEE5,
011BFEE4,
011CFEE3,
011DFEE2,
011EFEE1,
011FFEE0,
0120FEDF,
0121FEDE,
0122FEDD,
0123FEDC,
0124FEDB,
0125FEDA,
0126FED9,
0127FED8,
0128FED7,
0129FED6,
012AFED5,
012BFED4,
012CFED3,
012DFED2,
012EFED1,
012FFED0,
0130FECF,
0131FECE,
0132FECD,
0133FECC,
0134FECB,
0135FECA,
0136FEC9,
0137FEC8,
0138FEC7,
0139FEC6,
013AFEC5,
013BFEC4,
013CFEC3,
013DFEC2,
013EFEC1,
013FFEC0,
0140FEBF,
0141FEBE,
0142FEBD,
0143FEBC,
0144FEBB,
0145FEBA,
0146FEB9,
0147FEB8,
0148FEB7,
0149FEB6,
014AFEB5,
014BFEB4,
014CFEB3,
014DFEB2,
014EFEB1,
014FFEB0,
0150FEAF,
0151FEAE,
0152FEAD,
0153FEAC,
0154FEAB,
0155FEAA,
0156FEA9,
0157FEA8,
0158FEA7,
0159FEA6,
015AFEA5,
015BFEA4,
015CFEA3,
015DFEA2,
015EFEA1,
015FFEA0,
0160FE9F,
0161FE9E,
0162FE9D,
0163FE9C,
0164FE9B,
0165FE9A,
0166FE99,
0167FE98,
0168FE97,
0169FE96,
016AFE95,
016BFE94,
016CFE93,
016DFE92,
016EFE91,
016FFE90,
0170FE8F,
0171FE8E,
0172FE8D,
0173FE8C,
0174FE8B,
0175FE8A,
0176FE89,
0177FE88,
0178FE87,
0179FE86,
017AFE85,
017BFE84,
017CFE83,
017DFE82,
017EFE81,
017FFE80,
0180FE7F,
0181FE7E,
0182FE7D,
0183FE7C,
0184FE7B,
0185FE7A,
0186FE79,
0187FE78,
0188FE77,
0189FE76,
018AFE75,
018BFE74,
018CFE73,
018DFE72,
018EFE71,
018FFE70,
0190FE6F,
0191FE6E,
0192FE6D,
0193FE6C,
0194FE6B,
0195FE6A,
0196FE69,
0197FE68,
0198FE67,
0199FE66,
019AFE65,
019BFE64,
019CFE63,
019DFE62,
019EFE61,
019FFE60,
01A0FE5F,
01A1FE5E,
01A2FE5D,
01A3FE5C,
01A4FE5B,
01A5FE5A,
01A6FE59,
01A7FE58,
01A8FE57,
01A9FE56,
01AAFE55,
01ABFE54,
01ACFE53,
01ADFE52,
01AEFE51,
01AFFE50,
01B0FE4F,
01B1FE4E,
01B2FE4D,
01B3FE4C,
01B4FE4B,
01B5FE4A,
01B6FE49,
01B7FE48,
01B8FE47,
01B9FE46,
01BAFE45,
01BBFE44,
01BCFE43,
01BDFE42,
01BEFE41,
01BFFE40,
01C0FE3F,
01C1FE3E,
01C2FE3D,
01C3FE3C,
01C4FE3B,
01C5FE3A,
01C6FE39,
01C7FE38,
01C8FE37,
01C9FE36,
01CAFE35,
01CBFE34,
01CCFE33,
01CDFE32,
01CEFE31,
01CFFE30,
01D0FE2F,
01D1FE2E,
01D2FE2D,
01D3FE2C,
01D4FE2B,
01D5FE2A,
01D6FE29,
01D7FE28,
01D8FE27,
01D9FE26,
01DAFE25,
01DBFE24,
01DCFE23,
01DDFE22,
01DEFE21,
01DFFE20,
01E0FE1F,
01E1FE1E,
01E2FE1D,
01E3FE1C,
01E4FE1B,
01E5FE1A,
01E6FE19,
01E7FE18,
01E8FE17,
01E9FE16,
01EAFE15,
01EBFE14,
01ECFE13,
01EDFE12,
01EEFE11,
01EFFE10,
01F0FE0F,
01F1FE0E,
01F2FE0D,
01F3FE0C,
01F4FE0B,
01F5FE0A,
01F6FE09,
01F7FE08,
01F8FE07,
01F9FE06,
01FAFE05,
01FBFE04,
01FCFE03,
01FDFE02,
01FEFE01,
01FFFE00,
0200FDFF,
0201FDFE,
0202FDFD,
0203FDFC,
0204FDFB,
0205FDFA,
0206FDF9,
0207FDF8,
0208FDF7,
0209FDF6,
020AFDF5,
020BFDF4,
020CFDF3,
020DFDF2,
020EFDF1,
020FFDF0,
0210FDEF,
0211FDEE,
0212FDED,
0213FDEC,
0214FDEB,
0215FDEA,
0216FDE9,
0217FDE8,
0218FDE7,
0219FDE6,
021AFDE5,
021BFDE4,
021CFDE3,
021DFDE2,
021EFDE1,
021FFDE0,
0220FDDF,
0221FDDE,
0222FDDD,
0223FDDC,
0224FDDB,
0225FDDA,
0226FDD9,
0227FDD8,
0228FDD7,
0229FDD6,
022AFDD5,
022BFDD4,
022CFDD3,
022DFDD2,
022EFDD1,
022FFDD0,
0230FDCF,
0231FDCE,
0232FDCD,
0233FDCC,
0234FDCB,
0235FDCA,
0236FDC9,
0237FDC8,
0238FDC7,
0239FDC6,
023AFDC5,
023BFDC4,
023CFDC3,
023DFDC2,
023EFDC1,
023FFDC0,
0240FDBF,
0241FDBE,
0242FDBD,
0243FDBC,
0244FDBB,
0245FDBA,
0246FDB9,
0247FDB8,
0248FDB7,
0249FDB6,
024AFDB5,
024BFDB4,
024CFDB3,
024DFDB2,
024EFDB1,
024FFDB0,
0250FDAF,
0251FDAE,
0252FDAD,
0253FDAC,
0254FDAB,
0255FDAA,
0256FDA9,
0257FDA8,
0258FDA7,
0259FDA6,
025AFDA5,
025BFDA4,
025CFDA3,
025DFDA2,
025EFDA1,
025FFDA0,
0260FD9F,
0261FD9E,
0262FD9D,
0263FD9C,
0264FD9B,
0265FD9A,
0266FD99,
0267FD98,
0268FD97,
0269FD96,
026AFD95,
026BFD94,
026CFD93,
026DFD92,
026EFD91,
026FFD90,
0270FD8F,
0271FD8E,
0272FD8D,
0273FD8C,
0274FD8B,
0275FD8A,
0276FD89,
0277FD88,
0278FD87,
0279FD86,
027AFD85,
027BFD84,
027CFD83,
027DFD82,
027EFD81,
027FFD80,
0280FD7F,
0281FD7E,
0282FD7D,
0283FD7C,
0284FD7B,
0285FD7A,
0286FD79,
0287FD78,
0288FD77,
0289FD76,
028AFD75,
028BFD74,
028CFD73,
028DFD72,
028EFD71,
028FFD70,
0290FD6F,
0291FD6E,
0292FD6D,
0293FD6C,
0294FD6B,
0295FD6A,
0296FD69,
0297FD68,
0298FD67,
0299FD66,
029AFD65,
029BFD64,
029CFD63,
029DFD62,
029EFD61,
029FFD60,
02A0FD5F,
02A1FD5E,
02A2FD5D,
02A3FD5C,
02A4FD5B,
02A5FD5A,
02A6FD59,
02A7FD58,
02A8FD57,
02A9FD56,
02AAFD55,
02ABFD54,
02ACFD53,
02ADFD52,
02AEFD51,
02AFFD50,
02B0FD4F,
02B1FD4E,
02B2FD4D,
02B3FD4C,
02B4FD4B,
02B5FD4A,
02B6FD49,
02B7FD48,
02B8FD47,
02B9FD46,
02BAFD45,
02BBFD44,
02BCFD43,
02BDFD42,
02BEFD41,
02BFFD40,
02C0FD3F,
02C1FD3E,
02C2FD3D,
02C3FD3C,
02C4FD3B,
02C5FD3A,
02C6FD39,
02C7FD38,
02C8FD37,
02C9FD36,
02CAFD35,
02CBFD34,
02CCFD33,
02CDFD32,
02CEFD31,
02CFFD30,
02D0FD2F,
02D1FD2E,
02D2FD2D,
02D3FD2C,
02D4FD2B,
02D5FD2A,
02D6FD29,
02D7FD28,
02D8FD27,
02D9FD26,
02DAFD25,
02DBFD24,
02DCFD23,
02DDFD22,
02DEFD21,
02DFFD20,
02E0FD1F,
02E1FD1E,
02E2FD1D,
02E3FD1C,
02E4FD1B,
02E5FD1A,
02E6FD19,
02E7FD18,
02E8FD17,
02E9FD16,
02EAFD15,
02EBFD14,
02ECFD13,
02EDFD12,
02EEFD11,
02EFFD10,
02F0FD0F,
02F1FD0E,
02F2FD0D,
02F3FD0C,
02F4FD0B,
02F5FD0A,
02F6FD09,
02F7FD08,
02F8FD07,
02F9FD06,
02FAFD05,
02FBFD04,
02FCFD03,
02FDFD02,
02FEFD01,
02FFFD00,
0300FCFF,
0301FCFE,
0302FCFD,
0303FCFC,
0304FCFB,
0305FCFA,
0306FCF9,
0307FCF8,
0308FCF7,
0309FCF6,
030AFCF5,
030BFCF4,
030CFCF3,
030DFCF2,
030EFCF1,
030FFCF0,
0310FCEF,
0311FCEE,
0312FCED,
0313FCEC,
0314FCEB,
0315FCEA,
0316FCE9,
0317FCE8,
0318FCE7,
0319FCE6,
031AFCE5,
031BFCE4,
031CFCE3,
031DFCE2,
031EFCE1,
031FFCE0,
0320FCDF,
0321FCDE,
0322FCDD,
0323FCDC,
0324FCDB,
0325FCDA,
0326FCD9,
0327FCD8,
0328FCD7,
0329FCD6,
032AFCD5,
032BFCD4,
032CFCD3,
032DFCD2,
032EFCD1,
032FFCD0,
0330FCCF,
0331FCCE,
0332FCCD,
0333FCCC,
0334FCCB,
0335FCCA,
0336FCC9,
0337FCC8,
0338FCC7,
0339FCC6,
033AFCC5,
033BFCC4,
033CFCC3,
033DFCC2,
033EFCC1,
033FFCC0,
0340FCBF,
0341FCBE,
0342FCBD,
0343FCBC,
0344FCBB,
0345FCBA,
0346FCB9,
0347FCB8,
0348FCB7,
0349FCB6,
034AFCB5,
034BFCB4,
034CFCB3,
034DFCB2,
034EFCB1,
034FFCB0,
0350FCAF,
0351FCAE,
0352FCAD,
0353FCAC,
0354FCAB,
0355FCAA,
0356FCA9,
0357FCA8,
0358FCA7,
0359FCA6,
035AFCA5,
035BFCA4,
035CFCA3,
035DFCA2,
035EFCA1,
035FFCA0,
0360FC9F,
0361FC9E,
0362FC9D,
0363FC9C,
0364FC9B,
0365FC9A,
0366FC99,
0367FC98,
0368FC97,
0369FC96,
036AFC95,
036BFC94,
036CFC93,
036DFC92,
036EFC91,
036FFC90,
0370FC8F,
0371FC8E,
0372FC8D,
0373FC8C,
0374FC8B,
0375FC8A,
0376FC89,
0377FC88,
0378FC87,
0379FC86,
037AFC85,
037BFC84,
037CFC83,
037DFC82,
037EFC81,
037FFC80,
0380FC7F,
0381FC7E,
0382FC7D,
0383FC7C,
0384FC7B,
0385FC7A,
0386FC79,
0387FC78,
0388FC77,
0389FC76,
038AFC75,
038BFC74,
038CFC73,
038DFC72,
038EFC71,
038FFC70,
0390FC6F,
0391FC6E,
0392FC6D,
0393FC6C,
0394FC6B,
0395FC6A,
0396FC69,
0397FC68,
0398FC67,
0399FC66,
039AFC65,
039BFC64,
039CFC63,
039DFC62,
039EFC61,
039FFC60,
03A0FC5F,
03A1FC5E,
03A2FC5D,
03A3FC5C,
03A4FC5B,
03A5FC5A,
03A6FC59,
03A7FC58,
03A8FC57,
03A9FC56,
03AAFC55,
03ABFC54,
03ACFC53,
03ADFC52,
03AEFC51,
03AFFC50,
03B0FC4F,
03B1FC4E,
03B2FC4D,
03B3FC4C,
03B4FC4B,
03B5FC4A,
03B6FC49,
03B7FC48,
03B8FC47,
03B9FC46,
03BAFC45,
03BBFC44,
03BCFC43,
03BDFC42,
03BEFC41,
03BFFC40,
03C0FC3F,
03C1FC3E,
03C2FC3D,
03C3FC3C,
03C4FC3B,
03C5FC3A,
03C6FC39,
03C7FC38,
03C8FC37,
03C9FC36,
03CAFC35,
03CBFC34,
03CCFC33,
03CDFC32,
03CEFC31,
03CFFC30,
03D0FC2F,
03D1FC2E,
03D2FC2D,
03D3FC2C,
03D4FC2B,
03D5FC2A,
03D6FC29,
03D7FC28,
03D8FC27,
03D9FC26,
03DAFC25,
03DBFC24,
03DCFC23,
03DDFC22,
03DEFC21,
03DFFC20,
03E0FC1F,
03E1FC1E,
03E2FC1D,
03E3FC1C,
03E4FC1B,
03E5FC1A,
03E6FC19,
03E7FC18,
03E8FC17,
03E9FC16,
03EAFC15,
03EBFC14,
03ECFC13,
03EDFC12,
03EEFC11,
03EFFC10,
03F0FC0F,
03F1FC0E,
03F2FC0D,
03F3FC0C,
03F4FC0B,
03F5FC0A,
03F6FC09,
03F7FC08,
03F8FC07,
03F9FC06,
03FAFC05,
03FBFC04,
03FCFC03,
03FDFC02,
03FEFC01,
03FFFC00,
0400FBFF,
0401FBFE,
0402FBFD,
0403FBFC,
0404FBFB,
0405FBFA,
0406FBF9,
0407FBF8,
0408FBF7,
0409FBF6,
040AFBF5,
040BFBF4,
040CFBF3,
040DFBF2,
040EFBF1,
040FFBF0,
0410FBEF,
0411FBEE,
0412FBED,
0413FBEC,
0414FBEB,
0415FBEA,
0416FBE9,
0417FBE8,
0418FBE7,
0419FBE6,
041AFBE5,
041BFBE4,
041CFBE3,
041DFBE2,
041EFBE1,
041FFBE0,
0420FBDF,
0421FBDE,
0422FBDD,
0423FBDC,
0424FBDB,
0425FBDA,
0426FBD9,
0427FBD8,
0428FBD7,
0429FBD6,
042AFBD5,
042BFBD4,
042CFBD3,
042DFBD2,
042EFBD1,
042FFBD0,
0430FBCF,
0431FBCE,
0432FBCD,
0433FBCC,
0434FBCB,
0435FBCA,
0436FBC9,
0437FBC8,
0438FBC7,
0439FBC6,
043AFBC5,
043BFBC4,
043CFBC3,
043DFBC2,
043EFBC1,
043FFBC0,
0440FBBF,
0441FBBE,
0442FBBD,
0443FBBC,
0444FBBB,
0445FBBA,
0446FBB9,
0447FBB8,
0448FBB7,
0449FBB6,
044AFBB5,
044BFBB4,
044CFBB3,
044DFBB2,
044EFBB1,
044FFBB0,
0450FBAF,
0451FBAE,
0452FBAD,
0453FBAC,
0454FBAB,
0455FBAA,
0456FBA9,
0457FBA8,
0458FBA7,
0459FBA6,
045AFBA5,
045BFBA4,
045CFBA3,
045DFBA2,
045EFBA1,
045FFBA0,
0460FB9F,
0461FB9E,
0462FB9D,
0463FB9C,
0464FB9B,
0465FB9A,
0466FB99,
0467FB98,
0468FB97,
0469FB96,
046AFB95,
046BFB94,
046CFB93,
046DFB92,
046EFB91,
046FFB90,
0470FB8F,
0471FB8E,
0472FB8D,
0473FB8C,
0474FB8B,
0475FB8A,
0476FB89,
0477FB88,
0478FB87,
0479FB86,
047AFB85,
047BFB84,
047CFB83,
047DFB82,
047EFB81,
047FFB80,
0480FB7F,
0481FB7E,
0482FB7D,
0483FB7C,
0484FB7B,
0485FB7A,
0486FB79,
0487FB78,
0488FB77,
0489FB76,
048AFB75,
048BFB74,
048CFB73,
048DFB72,
048EFB71,
048FFB70,
0490FB6F,
0491FB6E,
0492FB6D,
0493FB6C,
0494FB6B,
0495FB6A,
0496FB69,
0497FB68,
0498FB67,
0499FB66,
049AFB65,
049BFB64,
049CFB63,
049DFB62,
049EFB61,
049FFB60,
04A0FB5F,
04A1FB5E,
04A2FB5D,
04A3FB5C,
04A4FB5B,
04A5FB5A,
04A6FB59,
04A7FB58,
04A8FB57,
04A9FB56,
04AAFB55,
04ABFB54,
04ACFB53,
04ADFB52,
04AEFB51,
04AFFB50,
04B0FB4F,
04B1FB4E,
04B2FB4D,
04B3FB4C,
04B4FB4B,
04B5FB4A,
04B6FB49,
04B7FB48,
04B8FB47,
04B9FB46,
04BAFB45,
04BBFB44,
04BCFB43,
04BDFB42,
04BEFB41,
04BFFB40,
04C0FB3F,
04C1FB3E,
04C2FB3D,
04C3FB3C,
04C4FB3B,
04C5FB3A,
04C6FB39,
04C7FB38,
04C8FB37,
04C9FB36,
04CAFB35,
04CBFB34,
04CCFB33,
04CDFB32,
04CEFB31,
04CFFB30,
04D0FB2F,
04D1FB2E,
04D2FB2D,
04D3FB2C,
04D4FB2B,
04D5FB2A,
04D6FB29,
04D7FB28,
04D8FB27,
04D9FB26,
04DAFB25,
04DBFB24,
04DCFB23,
04DDFB22,
04DEFB21,
04DFFB20,
04E0FB1F,
04E1FB1E,
04E2FB1D,
04E3FB1C,
04E4FB1B,
04E5FB1A,
04E6FB19,
04E7FB18,
04E8FB17,
04E9FB16,
04EAFB15,
04EBFB14,
04ECFB13,
04EDFB12,
04EEFB11,
04EFFB10,
04F0FB0F,
04F1FB0E,
04F2FB0D,
04F3FB0C,
04F4FB0B,
04F5FB0A,
04F6FB09,
04F7FB08,
04F8FB07,
04F9FB06,
04FAFB05,
04FBFB04,
04FCFB03,
04FDFB02,
04FEFB01,
04FFFB00,
0500FAFF,
0501FAFE,
0502FAFD,
0503FAFC,
0504FAFB,
0505FAFA,
0506FAF9,
0507FAF8,
0508FAF7,
0509FAF6,
050AFAF5,
050BFAF4,
050CFAF3,
050DFAF2,
050EFAF1,
050FFAF0,
0510FAEF,
0511FAEE,
0512FAED,
0513FAEC,
0514FAEB,
0515FAEA,
0516FAE9,
0517FAE8,
0518FAE7,
0519FAE6,
051AFAE5,
051BFAE4,
051CFAE3,
051DFAE2,
051EFAE1,
051FFAE0,
0520FADF,
0521FADE,
0522FADD,
0523FADC,
0524FADB,
0525FADA,
0526FAD9,
0527FAD8,
0528FAD7,
0529FAD6,
052AFAD5,
052BFAD4,
052CFAD3,
052DFAD2,
052EFAD1,
052FFAD0,
0530FACF,
0531FACE,
0532FACD,
0533FACC,
0534FACB,
0535FACA,
0536FAC9,
0537FAC8,
0538FAC7,
0539FAC6,
053AFAC5,
053BFAC4,
053CFAC3,
053DFAC2,
053EFAC1,
053FFAC0,
0540FABF,
0541FABE,
0542FABD,
0543FABC,
0544FABB,
0545FABA,
0546FAB9,
0547FAB8,
0548FAB7,
0549FAB6,
054AFAB5,
054BFAB4,
054CFAB3,
054DFAB2,
054EFAB1,
054FFAB0,
0550FAAF,
0551FAAE,
0552FAAD,
0553FAAC,
0554FAAB,
0555FAAA,
0556FAA9,
0557FAA8,
0558FAA7,
0559FAA6,
055AFAA5,
055BFAA4,
055CFAA3,
055DFAA2,
055EFAA1,
055FFAA0,
0560FA9F,
0561FA9E,
0562FA9D,
0563FA9C,
0564FA9B,
0565FA9A,
0566FA99,
0567FA98,
0568FA97,
0569FA96,
056AFA95,
056BFA94,
056CFA93,
056DFA92,
056EFA91,
056FFA90,
0570FA8F,
0571FA8E,
0572FA8D,
0573FA8C,
0574FA8B,
0575FA8A,
0576FA89,
0577FA88,
0578FA87,
0579FA86,
057AFA85,
057BFA84,
057CFA83,
057DFA82,
057EFA81,
057FFA80,
0580FA7F,
0581FA7E,
0582FA7D,
0583FA7C,
0584FA7B,
0585FA7A,
0586FA79,
0587FA78,
0588FA77,
0589FA76,
058AFA75,
058BFA74,
058CFA73,
058DFA72,
058EFA71,
058FFA70,
0590FA6F,
0591FA6E,
0592FA6D,
0593FA6C,
0594FA6B,
0595FA6A,
0596FA69,
0597FA68,
0598FA67,
0599FA66,
059AFA65,
059BFA64,
059CFA63,
059DFA62,
059EFA61,
059FFA60,
05A0FA5F,
05A1FA5E,
05A2FA5D,
05A3FA5C,
05A4FA5B,
05A5FA5A,
05A6FA59,
05A7FA58,
05A8FA57,
05A9FA56,
05AAFA55,
05ABFA54,
05ACFA53,
05ADFA52,
05AEFA51,
05AFFA50,
05B0FA4F,
05B1FA4E,
05B2FA4D,
05B3FA4C,
05B4FA4B,
05B5FA4A,
05B6FA49,
05B7FA48,
05B8FA47,
05B9FA46,
05BAFA45,
05BBFA44,
05BCFA43,
05BDFA42,
05BEFA41,
05BFFA40,
05C0FA3F,
05C1FA3E,
05C2FA3D,
05C3FA3C,
05C4FA3B,
05C5FA3A,
05C6FA39,
05C7FA38,
05C8FA37,
05C9FA36,
05CAFA35,
05CBFA34,
05CCFA33,
05CDFA32,
05CEFA31,
05CFFA30,
05D0FA2F,
05D1FA2E,
05D2FA2D,
05D3FA2C,
05D4FA2B,
05D5FA2A,
05D6FA29,
05D7FA28,
05D8FA27,
05D9FA26,
05DAFA25,
05DBFA24,
05DCFA23,
05DDFA22,
05DEFA21,
05DFFA20,
05E0FA1F,
05E1FA1E,
05E2FA1D,
05E3FA1C,
05E4FA1B,
05E5FA1A,
05E6FA19,
05E7FA18,
05E8FA17,
05E9FA16,
05EAFA15,
05EBFA14,
05ECFA13,
05EDFA12,
05EEFA11,
05EFFA10,
05F0FA0F,
05F1FA0E,
05F2FA0D,
05F3FA0C,
05F4FA0B,
05F5FA0A,
05F6FA09,
05F7FA08,
05F8FA07,
05F9FA06,
05FAFA05,
05FBFA04,
05FCFA03,
05FDFA02,
05FEFA01,
05FFFA00,
0600F9FF,
0601F9FE,
0602F9FD,
0603F9FC,
0604F9FB,
0605F9FA,
0606F9F9,
0607F9F8,
0608F9F7,
0609F9F6,
060AF9F5,
060BF9F4,
060CF9F3,
060DF9F2,
060EF9F1,
060FF9F0,
0610F9EF,
0611F9EE,
0612F9ED,
0613F9EC,
0614F9EB,
0615F9EA,
0616F9E9,
0617F9E8,
0618F9E7,
0619F9E6,
061AF9E5,
061BF9E4,
061CF9E3,
061DF9E2,
061EF9E1,
061FF9E0,
0620F9DF,
0621F9DE,
0622F9DD,
0623F9DC,
0624F9DB,
0625F9DA,
0626F9D9,
0627F9D8,
0628F9D7,
0629F9D6,
062AF9D5,
062BF9D4,
062CF9D3,
062DF9D2,
062EF9D1,
062FF9D0,
0630F9CF,
0631F9CE,
0632F9CD,
0633F9CC,
0634F9CB,
0635F9CA,
0636F9C9,
0637F9C8,
0638F9C7,
0639F9C6,
063AF9C5,
063BF9C4,
063CF9C3,
063DF9C2,
063EF9C1,
063FF9C0,
0640F9BF,
0641F9BE,
0642F9BD,
0643F9BC,
0644F9BB,
0645F9BA,
0646F9B9,
0647F9B8,
0648F9B7,
0649F9B6,
064AF9B5,
064BF9B4,
064CF9B3,
064DF9B2,
064EF9B1,
064FF9B0,
0650F9AF,
0651F9AE,
0652F9AD,
0653F9AC,
0654F9AB,
0655F9AA,
0656F9A9,
0657F9A8,
0658F9A7,
0659F9A6,
065AF9A5,
065BF9A4,
065CF9A3,
065DF9A2,
065EF9A1,
065FF9A0,
0660F99F,
0661F99E,
0662F99D,
0663F99C,
0664F99B,
0665F99A,
0666F999,
0667F998,
0668F997,
0669F996,
066AF995,
066BF994,
066CF993,
066DF992,
066EF991,
066FF990,
0670F98F,
0671F98E,
0672F98D,
0673F98C,
0674F98B,
0675F98A,
0676F989,
0677F988,
0678F987,
0679F986,
067AF985,
067BF984,
067CF983,
067DF982,
067EF981,
067FF980,
0680F97F,
0681F97E,
0682F97D,
0683F97C,
0684F97B,
0685F97A,
0686F979,
0687F978,
0688F977,
0689F976,
068AF975,
068BF974,
068CF973,
068DF972,
068EF971,
068FF970,
0690F96F,
0691F96E,
0692F96D,
0693F96C,
0694F96B,
0695F96A,
0696F969,
0697F968,
0698F967,
0699F966,
069AF965,
069BF964,
069CF963,
069DF962,
069EF961,
069FF960,
06A0F95F,
06A1F95E,
06A2F95D,
06A3F95C,
06A4F95B,
06A5F95A,
06A6F959,
06A7F958,
06A8F957,
06A9F956,
06AAF955,
06ABF954,
06ACF953,
06ADF952,
06AEF951,
06AFF950,
06B0F94F,
06B1F94E,
06B2F94D,
06B3F94C,
06B4F94B,
06B5F94A,
06B6F949,
06B7F948,
06B8F947,
06B9F946,
06BAF945,
06BBF944,
06BCF943,
06BDF942,
06BEF941,
06BFF940,
06C0F93F,
06C1F93E,
06C2F93D,
06C3F93C,
06C4F93B,
06C5F93A,
06C6F939,
06C7F938,
06C8F937,
06C9F936,
06CAF935,
06CBF934,
06CCF933,
06CDF932,
06CEF931,
06CFF930,
06D0F92F,
06D1F92E,
06D2F92D,
06D3F92C,
06D4F92B,
06D5F92A,
06D6F929,
06D7F928,
06D8F927,
06D9F926,
06DAF925,
06DBF924,
06DCF923,
06DDF922,
06DEF921,
06DFF920,
06E0F91F,
06E1F91E,
06E2F91D,
06E3F91C,
06E4F91B,
06E5F91A,
06E6F919,
06E7F918,
06E8F917,
06E9F916,
06EAF915,
06EBF914,
06ECF913,
06EDF912,
06EEF911,
06EFF910,
06F0F90F,
06F1F90E,
06F2F90D,
06F3F90C,
06F4F90B,
06F5F90A,
06F6F909,
06F7F908,
06F8F907,
06F9F906,
06FAF905,
06FBF904,
06FCF903,
06FDF902,
06FEF901,
06FFF900,
0700F8FF,
0701F8FE,
0702F8FD,
0703F8FC,
0704F8FB,
0705F8FA,
0706F8F9,
0707F8F8,
0708F8F7,
0709F8F6,
070AF8F5,
070BF8F4,
070CF8F3,
070DF8F2,
070EF8F1,
070FF8F0,
0710F8EF,
0711F8EE,
0712F8ED,
0713F8EC,
0714F8EB,
0715F8EA,
0716F8E9,
0717F8E8,
0718F8E7,
0719F8E6,
071AF8E5,
071BF8E4,
071CF8E3,
071DF8E2,
071EF8E1,
071FF8E0,
0720F8DF,
0721F8DE,
0722F8DD,
0723F8DC,
0724F8DB,
0725F8DA,
0726F8D9,
0727F8D8,
0728F8D7,
0729F8D6,
072AF8D5,
072BF8D4,
072CF8D3,
072DF8D2,
072EF8D1,
072FF8D0,
0730F8CF,
0731F8CE,
0732F8CD,
0733F8CC,
0734F8CB,
0735F8CA,
0736F8C9,
0737F8C8,
0738F8C7,
0739F8C6,
073AF8C5,
073BF8C4,
073CF8C3,
073DF8C2,
073EF8C1,
073FF8C0,
0740F8BF,
0741F8BE,
0742F8BD,
0743F8BC,
0744F8BB,
0745F8BA,
0746F8B9,
0747F8B8,
0748F8B7,
0749F8B6,
074AF8B5,
074BF8B4,
074CF8B3,
074DF8B2,
074EF8B1,
074FF8B0,
0750F8AF,
0751F8AE,
0752F8AD,
0753F8AC,
0754F8AB,
0755F8AA,
0756F8A9,
0757F8A8,
0758F8A7,
0759F8A6,
075AF8A5,
075BF8A4,
075CF8A3,
075DF8A2,
075EF8A1,
075FF8A0,
0760F89F,
0761F89E,
0762F89D,
0763F89C,
0764F89B,
0765F89A,
0766F899,
0767F898,
0768F897,
0769F896,
076AF895,
076BF894,
076CF893,
076DF892,
076EF891,
076FF890,
0770F88F,
0771F88E,
0772F88D,
0773F88C,
0774F88B,
0775F88A,
0776F889,
0777F888,
0778F887,
0779F886,
077AF885,
077BF884,
077CF883,
077DF882,
077EF881,
077FF880,
0780F87F,
0781F87E,
0782F87D,
0783F87C,
0784F87B,
0785F87A,
0786F879,
0787F878,
0788F877,
0789F876,
078AF875,
078BF874,
078CF873,
078DF872,
078EF871,
078FF870,
0790F86F,
0791F86E,
0792F86D,
0793F86C,
0794F86B,
0795F86A,
0796F869,
0797F868,
0798F867,
0799F866,
079AF865,
079BF864,
079CF863,
079DF862,
079EF861,
079FF860,
07A0F85F,
07A1F85E,
07A2F85D,
07A3F85C,
07A4F85B,
07A5F85A,
07A6F859,
07A7F858,
07A8F857,
07A9F856,
07AAF855,
07ABF854,
07ACF853,
07ADF852,
07AEF851,
07AFF850,
07B0F84F,
07B1F84E,
07B2F84D,
07B3F84C,
07B4F84B,
07B5F84A,
07B6F849,
07B7F848,
07B8F847,
07B9F846,
07BAF845,
07BBF844,
07BCF843,
07BDF842,
07BEF841,
07BFF840,
07C0F83F,
07C1F83E,
07C2F83D,
07C3F83C,
07C4F83B,
07C5F83A,
07C6F839,
07C7F838,
07C8F837,
07C9F836,
07CAF835,
07CBF834,
07CCF833,
07CDF832,
07CEF831,
07CFF830,
07D0F82F,
07D1F82E,
07D2F82D,
07D3F82C,
07D4F82B,
07D5F82A,
07D6F829,
07D7F828,
07D8F827,
07D9F826,
07DAF825,
07DBF824,
07DCF823,
07DDF822,
07DEF821,
07DFF820,
07E0F81F,
07E1F81E,
07E2F81D,
07E3F81C,
07E4F81B,
07E5F81A,
07E6F819,
07E7F818,
07E8F817,
07E9F816,
07EAF815,
07EBF814,
07ECF813,
07EDF812,
07EEF811,
07EFF810,
07F0F80F,
07F1F80E,
07F2F80D,
07F3F80C,
07F4F80B,
07F5F80A,
07F6F809,
07F7F808,
07F8F807,
07F9F806,
07FAF805,
07FBF804,
07FCF803,
07FDF802,
07FEF801,
07FFF800,
0800F7FF,
0801F7FE,
0802F7FD,
0803F7FC,
0804F7FB,
0805F7FA,
0806F7F9,
0807F7F8,
0808F7F7,
0809F7F6,
080AF7F5,
080BF7F4,
080CF7F3,
080DF7F2,
080EF7F1,
080FF7F0,
0810F7EF,
0811F7EE,
0812F7ED,
0813F7EC,
0814F7EB,
0815F7EA,
0816F7E9,
0817F7E8,
0818F7E7,
0819F7E6,
081AF7E5,
081BF7E4,
081CF7E3,
081DF7E2,
081EF7E1,
081FF7E0,
0820F7DF,
0821F7DE,
0822F7DD,
0823F7DC,
0824F7DB,
0825F7DA,
0826F7D9,
0827F7D8,
0828F7D7,
0829F7D6,
082AF7D5,
082BF7D4,
082CF7D3,
082DF7D2,
082EF7D1,
082FF7D0,
0830F7CF,
0831F7CE,
0832F7CD,
0833F7CC,
0834F7CB,
0835F7CA,
0836F7C9,
0837F7C8,
0838F7C7,
0839F7C6,
083AF7C5,
083BF7C4,
083CF7C3,
083DF7C2,
083EF7C1,
083FF7C0,
0840F7BF,
0841F7BE,
0842F7BD,
0843F7BC,
0844F7BB,
0845F7BA,
0846F7B9,
0847F7B8,
0848F7B7,
0849F7B6,
084AF7B5,
084BF7B4,
084CF7B3,
084DF7B2,
084EF7B1,
084FF7B0,
0850F7AF,
0851F7AE,
0852F7AD,
0853F7AC,
0854F7AB,
0855F7AA,
0856F7A9,
0857F7A8,
0858F7A7,
0859F7A6,
085AF7A5,
085BF7A4,
085CF7A3,
085DF7A2,
085EF7A1,
085FF7A0,
0860F79F,
0861F79E,
0862F79D,
0863F79C,
0864F79B,
0865F79A,
0866F799,
0867F798,
0868F797,
0869F796,
086AF795,
086BF794,
086CF793,
086DF792,
086EF791,
086FF790,
0870F78F,
0871F78E,
0872F78D,
0873F78C,
0874F78B,
0875F78A,
0876F789,
0877F788,
0878F787,
0879F786,
087AF785,
087BF784,
087CF783,
087DF782,
087EF781,
087FF780,
0880F77F,
0881F77E,
0882F77D,
0883F77C,
0884F77B,
0885F77A,
0886F779,
0887F778,
0888F777,
0889F776,
088AF775,
088BF774,
088CF773,
088DF772,
088EF771,
088FF770,
0890F76F,
0891F76E,
0892F76D,
0893F76C,
0894F76B,
0895F76A,
0896F769,
0897F768,
0898F767,
0899F766,
089AF765,
089BF764,
089CF763,
089DF762,
089EF761,
089FF760,
08A0F75F,
08A1F75E,
08A2F75D,
08A3F75C,
08A4F75B,
08A5F75A,
08A6F759,
08A7F758,
08A8F757,
08A9F756,
08AAF755,
08ABF754,
08ACF753,
08ADF752,
08AEF751,
08AFF750,
08B0F74F,
08B1F74E,
08B2F74D,
08B3F74C,
08B4F74B,
08B5F74A,
08B6F749,
08B7F748,
08B8F747,
08B9F746,
08BAF745,
08BBF744,
08BCF743,
08BDF742,
08BEF741,
08BFF740,
08C0F73F,
08C1F73E,
08C2F73D,
08C3F73C,
08C4F73B,
08C5F73A,
08C6F739,
08C7F738,
08C8F737,
08C9F736,
08CAF735,
08CBF734,
08CCF733,
08CDF732,
08CEF731,
08CFF730,
08D0F72F,
08D1F72E,
08D2F72D,
08D3F72C,
08D4F72B,
08D5F72A,
08D6F729,
08D7F728,
08D8F727,
08D9F726,
08DAF725,
08DBF724,
08DCF723,
08DDF722,
08DEF721,
08DFF720,
08E0F71F,
08E1F71E,
08E2F71D,
08E3F71C,
08E4F71B,
08E5F71A,
08E6F719,
08E7F718,
08E8F717,
08E9F716,
08EAF715,
08EBF714,
08ECF713,
08EDF712,
08EEF711,
08EFF710,
08F0F70F,
08F1F70E,
08F2F70D,
08F3F70C,
08F4F70B,
08F5F70A,
08F6F709,
08F7F708,
08F8F707,
08F9F706,
08FAF705,
08FBF704,
08FCF703,
08FDF702,
08FEF701,
08FFF700,
0900F6FF,
0901F6FE,
0902F6FD,
0903F6FC,
0904F6FB,
0905F6FA,
0906F6F9,
0907F6F8,
0908F6F7,
0909F6F6,
090AF6F5,
090BF6F4,
090CF6F3,
090DF6F2,
090EF6F1,
090FF6F0,
0910F6EF,
0911F6EE,
0912F6ED,
0913F6EC,
0914F6EB,
0915F6EA,
0916F6E9,
0917F6E8,
0918F6E7,
0919F6E6,
091AF6E5,
091BF6E4,
091CF6E3,
091DF6E2,
091EF6E1,
091FF6E0,
0920F6DF,
0921F6DE,
0922F6DD,
0923F6DC,
0924F6DB,
0925F6DA,
0926F6D9,
0927F6D8,
0928F6D7,
0929F6D6,
092AF6D5,
092BF6D4,
092CF6D3,
092DF6D2,
092EF6D1,
092FF6D0,
0930F6CF,
0931F6CE,
0932F6CD,
0933F6CC,
0934F6CB,
0935F6CA,
0936F6C9,
0937F6C8,
0938F6C7,
0939F6C6,
093AF6C5,
093BF6C4,
093CF6C3,
093DF6C2,
093EF6C1,
093FF6C0,
0940F6BF,
0941F6BE,
0942F6BD,
0943F6BC,
0944F6BB,
0945F6BA,
0946F6B9,
0947F6B8,
0948F6B7,
0949F6B6,
094AF6B5,
094BF6B4,
094CF6B3,
094DF6B2,
094EF6B1,
094FF6B0,
0950F6AF,
0951F6AE,
0952F6AD,
0953F6AC,
0954F6AB,
0955F6AA,
0956F6A9,
0957F6A8,
0958F6A7,
0959F6A6,
095AF6A5,
095BF6A4,
095CF6A3,
095DF6A2,
095EF6A1,
095FF6A0,
0960F69F,
0961F69E,
0962F69D,
0963F69C,
0964F69B,
0965F69A,
0966F699,
0967F698,
0968F697,
0969F696,
096AF695,
096BF694,
096CF693,
096DF692,
096EF691,
096FF690,
0970F68F,
0971F68E,
0972F68D,
0973F68C,
0974F68B,
0975F68A,
0976F689,
0977F688,
0978F687,
0979F686,
097AF685,
097BF684,
097CF683,
097DF682,
097EF681,
097FF680,
0980F67F,
0981F67E,
0982F67D,
0983F67C,
0984F67B,
0985F67A,
0986F679,
0987F678,
0988F677,
0989F676,
098AF675,
098BF674,
098CF673,
098DF672,
098EF671,
098FF670,
0990F66F,
0991F66E,
0992F66D,
0993F66C,
0994F66B,
0995F66A,
0996F669,
0997F668,
0998F667,
0999F666,
099AF665,
099BF664,
099CF663,
099DF662,
099EF661,
099FF660,
09A0F65F,
09A1F65E,
09A2F65D,
09A3F65C,
09A4F65B,
09A5F65A,
09A6F659,
09A7F658,
09A8F657,
09A9F656,
09AAF655,
09ABF654,
09ACF653,
09ADF652,
09AEF651,
09AFF650,
09B0F64F,
09B1F64E,
09B2F64D,
09B3F64C,
09B4F64B,
09B5F64A,
09B6F649,
09B7F648,
09B8F647,
09B9F646,
09BAF645,
09BBF644,
09BCF643,
09BDF642,
09BEF641,
09BFF640,
09C0F63F,
09C1F63E,
09C2F63D,
09C3F63C,
09C4F63B,
09C5F63A,
09C6F639,
09C7F638,
09C8F637,
09C9F636,
09CAF635,
09CBF634,
09CCF633,
09CDF632,
09CEF631,
09CFF630,
09D0F62F,
09D1F62E,
09D2F62D,
09D3F62C,
09D4F62B,
09D5F62A,
09D6F629,
09D7F628,
09D8F627,
09D9F626,
09DAF625,
09DBF624,
09DCF623,
09DDF622,
09DEF621,
09DFF620,
09E0F61F,
09E1F61E,
09E2F61D,
09E3F61C,
09E4F61B,
09E5F61A,
09E6F619,
09E7F618,
09E8F617,
09E9F616,
09EAF615,
09EBF614,
09ECF613,
09EDF612,
09EEF611,
09EFF610,
09F0F60F,
09F1F60E,
09F2F60D,
09F3F60C,
09F4F60B,
09F5F60A,
09F6F609,
09F7F608,
09F8F607,
09F9F606,
09FAF605,
09FBF604,
09FCF603,
09FDF602,
09FEF601,
09FFF600,
0A00F5FF,
0A01F5FE,
0A02F5FD,
0A03F5FC,
0A04F5FB,
0A05F5FA,
0A06F5F9,
0A07F5F8,
0A08F5F7,
0A09F5F6,
0A0AF5F5,
0A0BF5F4,
0A0CF5F3,
0A0DF5F2,
0A0EF5F1,
0A0FF5F0,
0A10F5EF,
0A11F5EE,
0A12F5ED,
0A13F5EC,
0A14F5EB,
0A15F5EA,
0A16F5E9,
0A17F5E8,
0A18F5E7,
0A19F5E6,
0A1AF5E5,
0A1BF5E4,
0A1CF5E3,
0A1DF5E2,
0A1EF5E1,
0A1FF5E0,
0A20F5DF,
0A21F5DE,
0A22F5DD,
0A23F5DC,
0A24F5DB,
0A25F5DA,
0A26F5D9,
0A27F5D8,
0A28F5D7,
0A29F5D6,
0A2AF5D5,
0A2BF5D4,
0A2CF5D3,
0A2DF5D2,
0A2EF5D1,
0A2FF5D0,
0A30F5CF,
0A31F5CE,
0A32F5CD,
0A33F5CC,
0A34F5CB,
0A35F5CA,
0A36F5C9,
0A37F5C8,
0A38F5C7,
0A39F5C6,
0A3AF5C5,
0A3BF5C4,
0A3CF5C3,
0A3DF5C2,
0A3EF5C1,
0A3FF5C0,
0A40F5BF,
0A41F5BE,
0A42F5BD,
0A43F5BC,
0A44F5BB,
0A45F5BA,
0A46F5B9,
0A47F5B8,
0A48F5B7,
0A49F5B6,
0A4AF5B5,
0A4BF5B4,
0A4CF5B3,
0A4DF5B2,
0A4EF5B1,
0A4FF5B0,
0A50F5AF,
0A51F5AE,
0A52F5AD,
0A53F5AC,
0A54F5AB,
0A55F5AA,
0A56F5A9,
0A57F5A8,
0A58F5A7,
0A59F5A6,
0A5AF5A5,
0A5BF5A4,
0A5CF5A3,
0A5DF5A2,
0A5EF5A1,
0A5FF5A0,
0A60F59F,
0A61F59E,
0A62F59D,
0A63F59C,
0A64F59B,
0A65F59A,
0A66F599,
0A67F598,
0A68F597,
0A69F596,
0A6AF595,
0A6BF594,
0A6CF593,
0A6DF592,
0A6EF591,
0A6FF590,
0A70F58F,
0A71F58E,
0A72F58D,
0A73F58C,
0A74F58B,
0A75F58A,
0A76F589,
0A77F588,
0A78F587,
0A79F586,
0A7AF585,
0A7BF584,
0A7CF583,
0A7DF582,
0A7EF581,
0A7FF580,
0A80F57F,
0A81F57E,
0A82F57D,
0A83F57C,
0A84F57B,
0A85F57A,
0A86F579,
0A87F578,
0A88F577,
0A89F576,
0A8AF575,
0A8BF574,
0A8CF573,
0A8DF572,
0A8EF571,
0A8FF570,
0A90F56F,
0A91F56E,
0A92F56D,
0A93F56C,
0A94F56B,
0A95F56A,
0A96F569,
0A97F568,
0A98F567,
0A99F566,
0A9AF565,
0A9BF564,
0A9CF563,
0A9DF562,
0A9EF561,
0A9FF560,
0AA0F55F,
0AA1F55E,
0AA2F55D,
0AA3F55C,
0AA4F55B,
0AA5F55A,
0AA6F559,
0AA7F558,
0AA8F557,
0AA9F556,
0AAAF555,
0AABF554,
0AACF553,
0AADF552,
0AAEF551,
0AAFF550,
0AB0F54F,
0AB1F54E,
0AB2F54D,
0AB3F54C,
0AB4F54B,
0AB5F54A,
0AB6F549,
0AB7F548,
0AB8F547,
0AB9F546,
0ABAF545,
0ABBF544,
0ABCF543,
0ABDF542,
0ABEF541,
0ABFF540,
0AC0F53F,
0AC1F53E,
0AC2F53D,
0AC3F53C,
0AC4F53B,
0AC5F53A,
0AC6F539,
0AC7F538,
0AC8F537,
0AC9F536,
0ACAF535,
0ACBF534,
0ACCF533,
0ACDF532,
0ACEF531,
0ACFF530,
0AD0F52F,
0AD1F52E,
0AD2F52D,
0AD3F52C,
0AD4F52B,
0AD5F52A,
0AD6F529,
0AD7F528,
0AD8F527,
0AD9F526,
0ADAF525,
0ADBF524,
0ADCF523,
0ADDF522,
0ADEF521,
0ADFF520,
0AE0F51F,
0AE1F51E,
0AE2F51D,
0AE3F51C,
0AE4F51B,
0AE5F51A,
0AE6F519,
0AE7F518,
0AE8F517,
0AE9F516,
0AEAF515,
0AEBF514,
0AECF513,
0AEDF512,
0AEEF511,
0AEFF510,
0AF0F50F,
0AF1F50E,
0AF2F50D,
0AF3F50C,
0AF4F50B,
0AF5F50A,
0AF6F509,
0AF7F508,
0AF8F507,
0AF9F506,
0AFAF505,
0AFBF504,
0AFCF503,
0AFDF502,
0AFEF501,
0AFFF500,
0B00F4FF,
0B01F4FE,
0B02F4FD,
0B03F4FC,
0B04F4FB,
0B05F4FA,
0B06F4F9,
0B07F4F8,
0B08F4F7,
0B09F4F6,
0B0AF4F5,
0B0BF4F4,
0B0CF4F3,
0B0DF4F2,
0B0EF4F1,
0B0FF4F0,
0B10F4EF,
0B11F4EE,
0B12F4ED,
0B13F4EC,
0B14F4EB,
0B15F4EA,
0B16F4E9,
0B17F4E8,
0B18F4E7,
0B19F4E6,
0B1AF4E5,
0B1BF4E4,
0B1CF4E3,
0B1DF4E2,
0B1EF4E1,
0B1FF4E0,
0B20F4DF,
0B21F4DE,
0B22F4DD,
0B23F4DC,
0B24F4DB,
0B25F4DA,
0B26F4D9,
0B27F4D8,
0B28F4D7,
0B29F4D6,
0B2AF4D5,
0B2BF4D4,
0B2CF4D3,
0B2DF4D2,
0B2EF4D1,
0B2FF4D0,
0B30F4CF,
0B31F4CE,
0B32F4CD,
0B33F4CC,
0B34F4CB,
0B35F4CA,
0B36F4C9,
0B37F4C8,
0B38F4C7,
0B39F4C6,
0B3AF4C5,
0B3BF4C4,
0B3CF4C3,
0B3DF4C2,
0B3EF4C1,
0B3FF4C0,
0B40F4BF,
0B41F4BE,
0B42F4BD,
0B43F4BC,
0B44F4BB,
0B45F4BA,
0B46F4B9,
0B47F4B8,
0B48F4B7,
0B49F4B6,
0B4AF4B5,
0B4BF4B4,
0B4CF4B3,
0B4DF4B2,
0B4EF4B1,
0B4FF4B0,
0B50F4AF,
0B51F4AE,
0B52F4AD,
0B53F4AC,
0B54F4AB,
0B55F4AA,
0B56F4A9,
0B57F4A8,
0B58F4A7,
0B59F4A6,
0B5AF4A5,
0B5BF4A4,
0B5CF4A3,
0B5DF4A2,
0B5EF4A1,
0B5FF4A0,
0B60F49F,
0B61F49E,
0B62F49D,
0B63F49C,
0B64F49B,
0B65F49A,
0B66F499,
0B67F498,
0B68F497,
0B69F496,
0B6AF495,
0B6BF494,
0B6CF493,
0B6DF492,
0B6EF491,
0B6FF490,
0B70F48F,
0B71F48E,
0B72F48D,
0B73F48C,
0B74F48B,
0B75F48A,
0B76F489,
0B77F488,
0B78F487,
0B79F486,
0B7AF485,
0B7BF484,
0B7CF483,
0B7DF482,
0B7EF481,
0B7FF480,
0B80F47F,
0B81F47E,
0B82F47D,
0B83F47C,
0B84F47B,
0B85F47A,
0B86F479,
0B87F478,
0B88F477,
0B89F476,
0B8AF475,
0B8BF474,
0B8CF473,
0B8DF472,
0B8EF471,
0B8FF470,
0B90F46F,
0B91F46E,
0B92F46D,
0B93F46C,
0B94F46B,
0B95F46A,
0B96F469,
0B97F468,
0B98F467,
0B99F466,
0B9AF465,
0B9BF464,
0B9CF463,
0B9DF462,
0B9EF461,
0B9FF460,
0BA0F45F,
0BA1F45E,
0BA2F45D,
0BA3F45C,
0BA4F45B,
0BA5F45A,
0BA6F459,
0BA7F458,
0BA8F457,
0BA9F456,
0BAAF455,
0BABF454,
0BACF453,
0BADF452,
0BAEF451,
0BAFF450,
0BB0F44F,
0BB1F44E,
0BB2F44D,
0BB3F44C,
0BB4F44B,
0BB5F44A,
0BB6F449,
0BB7F448,
0BB8F447,
0BB9F446,
0BBAF445,
0BBBF444,
0BBCF443,
0BBDF442,
0BBEF441,
0BBFF440,
0BC0F43F,
0BC1F43E,
0BC2F43D,
0BC3F43C,
0BC4F43B,
0BC5F43A,
0BC6F439,
0BC7F438,
0BC8F437,
0BC9F436,
0BCAF435,
0BCBF434,
0BCCF433,
0BCDF432,
0BCEF431,
0BCFF430,
0BD0F42F,
0BD1F42E,
0BD2F42D,
0BD3F42C,
0BD4F42B,
0BD5F42A,
0BD6F429,
0BD7F428,
0BD8F427,
0BD9F426,
0BDAF425,
0BDBF424,
0BDCF423,
0BDDF422,
0BDEF421,
0BDFF420,
0BE0F41F,
0BE1F41E,
0BE2F41D,
0BE3F41C,
0BE4F41B,
0BE5F41A,
0BE6F419,
0BE7F418,
0BE8F417,
0BE9F416,
0BEAF415,
0BEBF414,
0BECF413,
0BEDF412,
0BEEF411,
0BEFF410,
0BF0F40F,
0BF1F40E,
0BF2F40D,
0BF3F40C,
0BF4F40B,
0BF5F40A,
0BF6F409,
0BF7F408,
0BF8F407,
0BF9F406,
0BFAF405,
0BFBF404,
0BFCF403,
0BFDF402,
0BFEF401,
0BFFF400,
0C00F3FF,
0C01F3FE,
0C02F3FD,
0C03F3FC,
0C04F3FB,
0C05F3FA,
0C06F3F9,
0C07F3F8,
0C08F3F7,
0C09F3F6,
0C0AF3F5,
0C0BF3F4,
0C0CF3F3,
0C0DF3F2,
0C0EF3F1,
0C0FF3F0,
0C10F3EF,
0C11F3EE,
0C12F3ED,
0C13F3EC,
0C14F3EB,
0C15F3EA,
0C16F3E9,
0C17F3E8,
0C18F3E7,
0C19F3E6,
0C1AF3E5,
0C1BF3E4,
0C1CF3E3,
0C1DF3E2,
0C1EF3E1,
0C1FF3E0,
0C20F3DF,
0C21F3DE,
0C22F3DD,
0C23F3DC,
0C24F3DB,
0C25F3DA,
0C26F3D9,
0C27F3D8,
0C28F3D7,
0C29F3D6,
0C2AF3D5,
0C2BF3D4,
0C2CF3D3,
0C2DF3D2,
0C2EF3D1,
0C2FF3D0,
0C30F3CF,
0C31F3CE,
0C32F3CD,
0C33F3CC,
0C34F3CB,
0C35F3CA,
0C36F3C9,
0C37F3C8,
0C38F3C7,
0C39F3C6,
0C3AF3C5,
0C3BF3C4,
0C3CF3C3,
0C3DF3C2,
0C3EF3C1,
0C3FF3C0,
0C40F3BF,
0C41F3BE,
0C42F3BD,
0C43F3BC,
0C44F3BB,
0C45F3BA,
0C46F3B9,
0C47F3B8,
0C48F3B7,
0C49F3B6,
0C4AF3B5,
0C4BF3B4,
0C4CF3B3,
0C4DF3B2,
0C4EF3B1,
0C4FF3B0,
0C50F3AF,
0C51F3AE,
0C52F3AD,
0C53F3AC,
0C54F3AB,
0C55F3AA,
0C56F3A9,
0C57F3A8,
0C58F3A7,
0C59F3A6,
0C5AF3A5,
0C5BF3A4,
0C5CF3A3,
0C5DF3A2,
0C5EF3A1,
0C5FF3A0,
0C60F39F,
0C61F39E,
0C62F39D,
0C63F39C,
0C64F39B,
0C65F39A,
0C66F399,
0C67F398,
0C68F397,
0C69F396,
0C6AF395,
0C6BF394,
0C6CF393,
0C6DF392,
0C6EF391,
0C6FF390,
0C70F38F,
0C71F38E,
0C72F38D,
0C73F38C,
0C74F38B,
0C75F38A,
0C76F389,
0C77F388,
0C78F387,
0C79F386,
0C7AF385,
0C7BF384,
0C7CF383,
0C7DF382,
0C7EF381,
0C7FF380,
0C80F37F,
0C81F37E,
0C82F37D,
0C83F37C,
0C84F37B,
0C85F37A,
0C86F379,
0C87F378,
0C88F377,
0C89F376,
0C8AF375,
0C8BF374,
0C8CF373,
0C8DF372,
0C8EF371,
0C8FF370,
0C90F36F,
0C91F36E,
0C92F36D,
0C93F36C,
0C94F36B,
0C95F36A,
0C96F369,
0C97F368,
0C98F367,
0C99F366,
0C9AF365,
0C9BF364,
0C9CF363,
0C9DF362,
0C9EF361,
0C9FF360,
0CA0F35F,
0CA1F35E,
0CA2F35D,
0CA3F35C,
0CA4F35B,
0CA5F35A,
0CA6F359,
0CA7F358,
0CA8F357,
0CA9F356,
0CAAF355,
0CABF354,
0CACF353,
0CADF352,
0CAEF351,
0CAFF350,
0CB0F34F,
0CB1F34E,
0CB2F34D,
0CB3F34C,
0CB4F34B,
0CB5F34A,
0CB6F349,
0CB7F348,
0CB8F347,
0CB9F346,
0CBAF345,
0CBBF344,
0CBCF343,
0CBDF342,
0CBEF341,
0CBFF340,
0CC0F33F,
0CC1F33E,
0CC2F33D,
0CC3F33C,
0CC4F33B,
0CC5F33A,
0CC6F339,
0CC7F338,
0CC8F337,
0CC9F336,
0CCAF335,
0CCBF334,
0CCCF333,
0CCDF332,
0CCEF331,
0CCFF330,
0CD0F32F,
0CD1F32E,
0CD2F32D,
0CD3F32C,
0CD4F32B,
0CD5F32A,
0CD6F329,
0CD7F328,
0CD8F327,
0CD9F326,
0CDAF325,
0CDBF324,
0CDCF323,
0CDDF322,
0CDEF321,
0CDFF320,
0CE0F31F,
0CE1F31E,
0CE2F31D,
0CE3F31C,
0CE4F31B,
0CE5F31A,
0CE6F319,
0CE7F318,
0CE8F317,
0CE9F316,
0CEAF315,
0CEBF314,
0CECF313,
0CEDF312,
0CEEF311,
0CEFF310,
0CF0F30F,
0CF1F30E,
0CF2F30D,
0CF3F30C,
0CF4F30B,
0CF5F30A,
0CF6F309,
0CF7F308,
0CF8F307,
0CF9F306,
0CFAF305,
0CFBF304,
0CFCF303,
0CFDF302,
0CFEF301,
0CFFF300,
0D00F2FF,
0D01F2FE,
0D02F2FD,
0D03F2FC,
0D04F2FB,
0D05F2FA,
0D06F2F9,
0D07F2F8,
0D08F2F7,
0D09F2F6,
0D0AF2F5,
0D0BF2F4,
0D0CF2F3,
0D0DF2F2,
0D0EF2F1,
0D0FF2F0,
0D10F2EF,
0D11F2EE,
0D12F2ED,
0D13F2EC,
0D14F2EB,
0D15F2EA,
0D16F2E9,
0D17F2E8,
0D18F2E7,
0D19F2E6,
0D1AF2E5,
0D1BF2E4,
0D1CF2E3,
0D1DF2E2,
0D1EF2E1,
0D1FF2E0,
0D20F2DF,
0D21F2DE,
0D22F2DD,
0D23F2DC,
0D24F2DB,
0D25F2DA,
0D26F2D9,
0D27F2D8,
0D28F2D7,
0D29F2D6,
0D2AF2D5,
0D2BF2D4,
0D2CF2D3,
0D2DF2D2,
0D2EF2D1,
0D2FF2D0,
0D30F2CF,
0D31F2CE,
0D32F2CD,
0D33F2CC,
0D34F2CB,
0D35F2CA,
0D36F2C9,
0D37F2C8,
0D38F2C7,
0D39F2C6,
0D3AF2C5,
0D3BF2C4,
0D3CF2C3,
0D3DF2C2,
0D3EF2C1,
0D3FF2C0,
0D40F2BF,
0D41F2BE,
0D42F2BD,
0D43F2BC,
0D44F2BB,
0D45F2BA,
0D46F2B9,
0D47F2B8,
0D48F2B7,
0D49F2B6,
0D4AF2B5,
0D4BF2B4,
0D4CF2B3,
0D4DF2B2,
0D4EF2B1,
0D4FF2B0,
0D50F2AF,
0D51F2AE,
0D52F2AD,
0D53F2AC,
0D54F2AB,
0D55F2AA,
0D56F2A9,
0D57F2A8,
0D58F2A7,
0D59F2A6,
0D5AF2A5,
0D5BF2A4,
0D5CF2A3,
0D5DF2A2,
0D5EF2A1,
0D5FF2A0,
0D60F29F,
0D61F29E,
0D62F29D,
0D63F29C,
0D64F29B,
0D65F29A,
0D66F299,
0D67F298,
0D68F297,
0D69F296,
0D6AF295,
0D6BF294,
0D6CF293,
0D6DF292,
0D6EF291,
0D6FF290,
0D70F28F,
0D71F28E,
0D72F28D,
0D73F28C,
0D74F28B,
0D75F28A,
0D76F289,
0D77F288,
0D78F287,
0D79F286,
0D7AF285,
0D7BF284,
0D7CF283,
0D7DF282,
0D7EF281,
0D7FF280,
0D80F27F,
0D81F27E,
0D82F27D,
0D83F27C,
0D84F27B,
0D85F27A,
0D86F279,
0D87F278,
0D88F277,
0D89F276,
0D8AF275,
0D8BF274,
0D8CF273,
0D8DF272,
0D8EF271,
0D8FF270,
0D90F26F,
0D91F26E,
0D92F26D,
0D93F26C,
0D94F26B,
0D95F26A,
0D96F269,
0D97F268,
0D98F267,
0D99F266,
0D9AF265,
0D9BF264,
0D9CF263,
0D9DF262,
0D9EF261,
0D9FF260,
0DA0F25F,
0DA1F25E,
0DA2F25D,
0DA3F25C,
0DA4F25B,
0DA5F25A,
0DA6F259,
0DA7F258,
0DA8F257,
0DA9F256,
0DAAF255,
0DABF254,
0DACF253,
0DADF252,
0DAEF251,
0DAFF250,
0DB0F24F,
0DB1F24E,
0DB2F24D,
0DB3F24C,
0DB4F24B,
0DB5F24A,
0DB6F249,
0DB7F248,
0DB8F247,
0DB9F246,
0DBAF245,
0DBBF244,
0DBCF243,
0DBDF242,
0DBEF241,
0DBFF240,
0DC0F23F,
0DC1F23E,
0DC2F23D,
0DC3F23C,
0DC4F23B,
0DC5F23A,
0DC6F239,
0DC7F238,
0DC8F237,
0DC9F236,
0DCAF235,
0DCBF234,
0DCCF233,
0DCDF232,
0DCEF231,
0DCFF230,
0DD0F22F,
0DD1F22E,
0DD2F22D,
0DD3F22C,
0DD4F22B,
0DD5F22A,
0DD6F229,
0DD7F228,
0DD8F227,
0DD9F226,
0DDAF225,
0DDBF224,
0DDCF223,
0DDDF222,
0DDEF221,
0DDFF220,
0DE0F21F,
0DE1F21E,
0DE2F21D,
0DE3F21C,
0DE4F21B,
0DE5F21A,
0DE6F219,
0DE7F218,
0DE8F217,
0DE9F216,
0DEAF215,
0DEBF214,
0DECF213,
0DEDF212,
0DEEF211,
0DEFF210,
0DF0F20F,
0DF1F20E,
0DF2F20D,
0DF3F20C,
0DF4F20B,
0DF5F20A,
0DF6F209,
0DF7F208,
0DF8F207,
0DF9F206,
0DFAF205,
0DFBF204,
0DFCF203,
0DFDF202,
0DFEF201,
0DFFF200,
0E00F1FF,
0E01F1FE,
0E02F1FD,
0E03F1FC,
0E04F1FB,
0E05F1FA,
0E06F1F9,
0E07F1F8,
0E08F1F7,
0E09F1F6,
0E0AF1F5,
0E0BF1F4,
0E0CF1F3,
0E0DF1F2,
0E0EF1F1,
0E0FF1F0,
0E10F1EF,
0E11F1EE,
0E12F1ED,
0E13F1EC,
0E14F1EB,
0E15F1EA,
0E16F1E9,
0E17F1E8,
0E18F1E7,
0E19F1E6,
0E1AF1E5,
0E1BF1E4,
0E1CF1E3,
0E1DF1E2,
0E1EF1E1,
0E1FF1E0,
0E20F1DF,
0E21F1DE,
0E22F1DD,
0E23F1DC,
0E24F1DB,
0E25F1DA,
0E26F1D9,
0E27F1D8,
0E28F1D7,
0E29F1D6,
0E2AF1D5,
0E2BF1D4,
0E2CF1D3,
0E2DF1D2,
0E2EF1D1,
0E2FF1D0,
0E30F1CF,
0E31F1CE,
0E32F1CD,
0E33F1CC,
0E34F1CB,
0E35F1CA,
0E36F1C9,
0E37F1C8,
0E38F1C7,
0E39F1C6,
0E3AF1C5,
0E3BF1C4,
0E3CF1C3,
0E3DF1C2,
0E3EF1C1,
0E3FF1C0,
0E40F1BF,
0E41F1BE,
0E42F1BD,
0E43F1BC,
0E44F1BB,
0E45F1BA,
0E46F1B9,
0E47F1B8,
0E48F1B7,
0E49F1B6,
0E4AF1B5,
0E4BF1B4,
0E4CF1B3,
0E4DF1B2,
0E4EF1B1,
0E4FF1B0,
0E50F1AF,
0E51F1AE,
0E52F1AD,
0E53F1AC,
0E54F1AB,
0E55F1AA,
0E56F1A9,
0E57F1A8,
0E58F1A7,
0E59F1A6,
0E5AF1A5,
0E5BF1A4,
0E5CF1A3,
0E5DF1A2,
0E5EF1A1,
0E5FF1A0,
0E60F19F,
0E61F19E,
0E62F19D,
0E63F19C,
0E64F19B,
0E65F19A,
0E66F199,
0E67F198,
0E68F197,
0E69F196,
0E6AF195,
0E6BF194,
0E6CF193,
0E6DF192,
0E6EF191,
0E6FF190,
0E70F18F,
0E71F18E,
0E72F18D,
0E73F18C,
0E74F18B,
0E75F18A,
0E76F189,
0E77F188,
0E78F187,
0E79F186,
0E7AF185,
0E7BF184,
0E7CF183,
0E7DF182,
0E7EF181,
0E7FF180,
0E80F17F,
0E81F17E,
0E82F17D,
0E83F17C,
0E84F17B,
0E85F17A,
0E86F179,
0E87F178,
0E88F177,
0E89F176,
0E8AF175,
0E8BF174,
0E8CF173,
0E8DF172,
0E8EF171,
0E8FF170,
0E90F16F,
0E91F16E,
0E92F16D,
0E93F16C,
0E94F16B,
0E95F16A,
0E96F169,
0E97F168,
0E98F167,
0E99F166,
0E9AF165,
0E9BF164,
0E9CF163,
0E9DF162,
0E9EF161,
0E9FF160,
0EA0F15F,
0EA1F15E,
0EA2F15D,
0EA3F15C,
0EA4F15B,
0EA5F15A,
0EA6F159,
0EA7F158,
0EA8F157,
0EA9F156,
0EAAF155,
0EABF154,
0EACF153,
0EADF152,
0EAEF151,
0EAFF150,
0EB0F14F,
0EB1F14E,
0EB2F14D,
0EB3F14C,
0EB4F14B,
0EB5F14A,
0EB6F149,
0EB7F148,
0EB8F147,
0EB9F146,
0EBAF145,
0EBBF144,
0EBCF143,
0EBDF142,
0EBEF141,
0EBFF140,
0EC0F13F,
0EC1F13E,
0EC2F13D,
0EC3F13C,
0EC4F13B,
0EC5F13A,
0EC6F139,
0EC7F138,
0EC8F137,
0EC9F136,
0ECAF135,
0ECBF134,
0ECCF133,
0ECDF132,
0ECEF131,
0ECFF130,
0ED0F12F,
0ED1F12E,
0ED2F12D,
0ED3F12C,
0ED4F12B,
0ED5F12A,
0ED6F129,
0ED7F128,
0ED8F127,
0ED9F126,
0EDAF125,
0EDBF124,
0EDCF123,
0EDDF122,
0EDEF121,
0EDFF120,
0EE0F11F,
0EE1F11E,
0EE2F11D,
0EE3F11C,
0EE4F11B,
0EE5F11A,
0EE6F119,
0EE7F118,
0EE8F117,
0EE9F116,
0EEAF115,
0EEBF114,
0EECF113,
0EEDF112,
0EEEF111,
0EEFF110,
0EF0F10F,
0EF1F10E,
0EF2F10D,
0EF3F10C,
0EF4F10B,
0EF5F10A,
0EF6F109,
0EF7F108,
0EF8F107,
0EF9F106,
0EFAF105,
0EFBF104,
0EFCF103,
0EFDF102,
0EFEF101,
0EFFF100,
0F00F0FF,
0F01F0FE,
0F02F0FD,
0F03F0FC,
0F04F0FB,
0F05F0FA,
0F06F0F9,
0F07F0F8,
0F08F0F7,
0F09F0F6,
0F0AF0F5,
0F0BF0F4,
0F0CF0F3,
0F0DF0F2,
0F0EF0F1,
0F0FF0F0,
0F10F0EF,
0F11F0EE,
0F12F0ED,
0F13F0EC,
0F14F0EB,
0F15F0EA,
0F16F0E9,
0F17F0E8,
0F18F0E7,
0F19F0E6,
0F1AF0E5,
0F1BF0E4,
0F1CF0E3,
0F1DF0E2,
0F1EF0E1,
0F1FF0E0,
0F20F0DF,
0F21F0DE,
0F22F0DD,
0F23F0DC,
0F24F0DB,
0F25F0DA,
0F26F0D9,
0F27F0D8,
0F28F0D7,
0F29F0D6,
0F2AF0D5,
0F2BF0D4,
0F2CF0D3,
0F2DF0D2,
0F2EF0D1,
0F2FF0D0,
0F30F0CF,
0F31F0CE,
0F32F0CD,
0F33F0CC,
0F34F0CB,
0F35F0CA,
0F36F0C9,
0F37F0C8,
0F38F0C7,
0F39F0C6,
0F3AF0C5,
0F3BF0C4,
0F3CF0C3,
0F3DF0C2,
0F3EF0C1,
0F3FF0C0,
0F40F0BF,
0F41F0BE,
0F42F0BD,
0F43F0BC,
0F44F0BB,
0F45F0BA,
0F46F0B9,
0F47F0B8,
0F48F0B7,
0F49F0B6,
0F4AF0B5,
0F4BF0B4,
0F4CF0B3,
0F4DF0B2,
0F4EF0B1,
0F4FF0B0,
0F50F0AF,
0F51F0AE,
0F52F0AD,
0F53F0AC,
0F54F0AB,
0F55F0AA,
0F56F0A9,
0F57F0A8,
0F58F0A7,
0F59F0A6,
0F5AF0A5,
0F5BF0A4,
0F5CF0A3,
0F5DF0A2,
0F5EF0A1,
0F5FF0A0,
0F60F09F,
0F61F09E,
0F62F09D,
0F63F09C,
0F64F09B,
0F65F09A,
0F66F099,
0F67F098,
0F68F097,
0F69F096,
0F6AF095,
0F6BF094,
0F6CF093,
0F6DF092,
0F6EF091,
0F6FF090,
0F70F08F,
0F71F08E,
0F72F08D,
0F73F08C,
0F74F08B,
0F75F08A,
0F76F089,
0F77F088,
0F78F087,
0F79F086,
0F7AF085,
0F7BF084,
0F7CF083,
0F7DF082,
0F7EF081,
0F7FF080,
0F80F07F,
0F81F07E,
0F82F07D,
0F83F07C,
0F84F07B,
0F85F07A,
0F86F079,
0F87F078,
0F88F077,
0F89F076,
0F8AF075,
0F8BF074,
0F8CF073,
0F8DF072,
0F8EF071,
0F8FF070,
0F90F06F,
0F91F06E,
0F92F06D,
0F93F06C,
0F94F06B,
0F95F06A,
0F96F069,
0F97F068,
0F98F067,
0F99F066,
0F9AF065,
0F9BF064,
0F9CF063,
0F9DF062,
0F9EF061,
0F9FF060,
0FA0F05F,
0FA1F05E,
0FA2F05D,
0FA3F05C,
0FA4F05B,
0FA5F05A,
0FA6F059,
0FA7F058,
0FA8F057,
0FA9F056,
0FAAF055,
0FABF054,
0FACF053,
0FADF052,
0FAEF051,
0FAFF050,
0FB0F04F,
0FB1F04E,
0FB2F04D,
0FB3F04C,
0FB4F04B,
0FB5F04A,
0FB6F049,
0FB7F048,
0FB8F047,
0FB9F046,
0FBAF045,
0FBBF044,
0FBCF043,
0FBDF042,
0FBEF041,
0FBFF040,
0FC0F03F,
0FC1F03E,
0FC2F03D,
0FC3F03C,
0FC4F03B,
0FC5F03A,
0FC6F039,
0FC7F038,
0FC8F037,
0FC9F036,
0FCAF035,
0FCBF034,
0FCCF033,
0FCDF032,
0FCEF031,
0FCFF030,
0FD0F02F,
0FD1F02E,
0FD2F02D,
0FD3F02C,
0FD4F02B,
0FD5F02A,
0FD6F029,
0FD7F028,
0FD8F027,
0FD9F026,
0FDAF025,
0FDBF024,
0FDCF023,
0FDDF022,
0FDEF021,
0FDFF020,
0FE0F01F,
0FE1F01E,
0FE2F01D,
0FE3F01C,
0FE4F01B,
0FE5F01A,
0FE6F019,
0FE7F018,
0FE8F017,
0FE9F016,
0FEAF015,
0FEBF014,
0FECF013,
0FEDF012,
0FEEF011,
0FEFF010,
0FF0F00F,
0FF1F00E,
0FF2F00D,
0FF3F00C,
0FF4F00B,
0FF5F00A,
0FF6F009,
0FF7F008,
0FF8F007,
0FF9F006,
0FFAF005,
0FFBF004,
0FFCF003,
0FFDF002,
0FFEF001,
0FFFF000,
1000EFFF,
1001EFFE,
1002EFFD,
1003EFFC,
1004EFFB,
1005EFFA,
1006EFF9,
1007EFF8,
1008EFF7,
1009EFF6,
100AEFF5,
100BEFF4,
100CEFF3,
100DEFF2,
100EEFF1,
100FEFF0,
1010EFEF,
1011EFEE,
1012EFED,
1013EFEC,
1014EFEB,
1015EFEA,
1016EFE9,
1017EFE8,
1018EFE7,
1019EFE6,
101AEFE5,
101BEFE4,
101CEFE3,
101DEFE2,
101EEFE1,
101FEFE0,
1020EFDF,
1021EFDE,
1022EFDD,
1023EFDC,
1024EFDB,
1025EFDA,
1026EFD9,
1027EFD8,
1028EFD7,
1029EFD6,
102AEFD5,
102BEFD4,
102CEFD3,
102DEFD2,
102EEFD1,
102FEFD0,
1030EFCF,
1031EFCE,
1032EFCD,
1033EFCC,
1034EFCB,
1035EFCA,
1036EFC9,
1037EFC8,
1038EFC7,
1039EFC6,
103AEFC5,
103BEFC4,
103CEFC3,
103DEFC2,
103EEFC1,
103FEFC0,
1040EFBF,
1041EFBE,
1042EFBD,
1043EFBC,
1044EFBB,
1045EFBA,
1046EFB9,
1047EFB8,
1048EFB7,
1049EFB6,
104AEFB5,
104BEFB4,
104CEFB3,
104DEFB2,
104EEFB1,
104FEFB0,
1050EFAF,
1051EFAE,
1052EFAD,
1053EFAC,
1054EFAB,
1055EFAA,
1056EFA9,
1057EFA8,
1058EFA7,
1059EFA6,
105AEFA5,
105BEFA4,
105CEFA3,
105DEFA2,
105EEFA1,
105FEFA0,
1060EF9F,
1061EF9E,
1062EF9D,
1063EF9C,
1064EF9B,
1065EF9A,
1066EF99,
1067EF98,
1068EF97,
1069EF96,
106AEF95,
106BEF94,
106CEF93,
106DEF92,
106EEF91,
106FEF90,
1070EF8F,
1071EF8E,
1072EF8D,
1073EF8C,
1074EF8B,
1075EF8A,
1076EF89,
1077EF88,
1078EF87,
1079EF86,
107AEF85,
107BEF84,
107CEF83,
107DEF82,
107EEF81,
107FEF80,
1080EF7F,
1081EF7E,
1082EF7D,
1083EF7C,
1084EF7B,
1085EF7A,
1086EF79,
1087EF78,
1088EF77,
1089EF76,
108AEF75,
108BEF74,
108CEF73,
108DEF72,
108EEF71,
108FEF70,
1090EF6F,
1091EF6E,
1092EF6D,
1093EF6C,
1094EF6B,
1095EF6A,
1096EF69,
1097EF68,
1098EF67,
1099EF66,
109AEF65,
109BEF64,
109CEF63,
109DEF62,
109EEF61,
109FEF60,
10A0EF5F,
10A1EF5E,
10A2EF5D,
10A3EF5C,
10A4EF5B,
10A5EF5A,
10A6EF59,
10A7EF58,
10A8EF57,
10A9EF56,
10AAEF55,
10ABEF54,
10ACEF53,
10ADEF52,
10AEEF51,
10AFEF50,
10B0EF4F,
10B1EF4E,
10B2EF4D,
10B3EF4C,
10B4EF4B,
10B5EF4A,
10B6EF49,
10B7EF48,
10B8EF47,
10B9EF46,
10BAEF45,
10BBEF44,
10BCEF43,
10BDEF42,
10BEEF41,
10BFEF40,
10C0EF3F,
10C1EF3E,
10C2EF3D,
10C3EF3C,
10C4EF3B,
10C5EF3A,
10C6EF39,
10C7EF38,
10C8EF37,
10C9EF36,
10CAEF35,
10CBEF34,
10CCEF33,
10CDEF32,
10CEEF31,
10CFEF30,
10D0EF2F,
10D1EF2E,
10D2EF2D,
10D3EF2C,
10D4EF2B,
10D5EF2A,
10D6EF29,
10D7EF28,
10D8EF27,
10D9EF26,
10DAEF25,
10DBEF24,
10DCEF23,
10DDEF22,
10DEEF21,
10DFEF20,
10E0EF1F,
10E1EF1E,
10E2EF1D,
10E3EF1C,
10E4EF1B,
10E5EF1A,
10E6EF19,
10E7EF18,
10E8EF17,
10E9EF16,
10EAEF15,
10EBEF14,
10ECEF13,
10EDEF12,
10EEEF11,
10EFEF10,
10F0EF0F,
10F1EF0E,
10F2EF0D,
10F3EF0C,
10F4EF0B,
10F5EF0A,
10F6EF09,
10F7EF08,
10F8EF07,
10F9EF06,
10FAEF05,
10FBEF04,
10FCEF03,
10FDEF02,
10FEEF01,
10FFEF00,
1100EEFF,
1101EEFE,
1102EEFD,
1103EEFC,
1104EEFB,
1105EEFA,
1106EEF9,
1107EEF8,
1108EEF7,
1109EEF6,
110AEEF5,
110BEEF4,
110CEEF3,
110DEEF2,
110EEEF1,
110FEEF0,
1110EEEF,
1111EEEE,
1112EEED,
1113EEEC,
1114EEEB,
1115EEEA,
1116EEE9,
1117EEE8,
1118EEE7,
1119EEE6,
111AEEE5,
111BEEE4,
111CEEE3,
111DEEE2,
111EEEE1,
111FEEE0,
1120EEDF,
1121EEDE,
1122EEDD,
1123EEDC,
1124EEDB,
1125EEDA,
1126EED9,
1127EED8,
1128EED7,
1129EED6,
112AEED5,
112BEED4,
112CEED3,
112DEED2,
112EEED1,
112FEED0,
1130EECF,
1131EECE,
1132EECD,
1133EECC,
1134EECB,
1135EECA,
1136EEC9,
1137EEC8,
1138EEC7,
1139EEC6,
113AEEC5,
113BEEC4,
113CEEC3,
113DEEC2,
113EEEC1,
113FEEC0,
1140EEBF,
1141EEBE,
1142EEBD,
1143EEBC,
1144EEBB,
1145EEBA,
1146EEB9,
1147EEB8,
1148EEB7,
1149EEB6,
114AEEB5,
114BEEB4,
114CEEB3,
114DEEB2,
114EEEB1,
114FEEB0,
1150EEAF,
1151EEAE,
1152EEAD,
1153EEAC,
1154EEAB,
1155EEAA,
1156EEA9,
1157EEA8,
1158EEA7,
1159EEA6,
115AEEA5,
115BEEA4,
115CEEA3,
115DEEA2,
115EEEA1,
115FEEA0,
1160EE9F,
1161EE9E,
1162EE9D,
1163EE9C,
1164EE9B,
1165EE9A,
1166EE99,
1167EE98,
1168EE97,
1169EE96,
116AEE95,
116BEE94,
116CEE93,
116DEE92,
116EEE91,
116FEE90,
1170EE8F,
1171EE8E,
1172EE8D,
1173EE8C,
1174EE8B,
1175EE8A,
1176EE89,
1177EE88,
1178EE87,
1179EE86,
117AEE85,
117BEE84,
117CEE83,
117DEE82,
117EEE81,
117FEE80,
1180EE7F,
1181EE7E,
1182EE7D,
1183EE7C,
1184EE7B,
1185EE7A,
1186EE79,
1187EE78,
1188EE77,
1189EE76,
118AEE75,
118BEE74,
118CEE73,
118DEE72,
118EEE71,
118FEE70,
1190EE6F,
1191EE6E,
1192EE6D,
1193EE6C,
1194EE6B,
1195EE6A,
1196EE69,
1197EE68,
1198EE67,
1199EE66,
119AEE65,
119BEE64,
119CEE63,
119DEE62,
119EEE61,
119FEE60,
11A0EE5F,
11A1EE5E,
11A2EE5D,
11A3EE5C,
11A4EE5B,
11A5EE5A,
11A6EE59,
11A7EE58,
11A8EE57,
11A9EE56,
11AAEE55,
11ABEE54,
11ACEE53,
11ADEE52,
11AEEE51,
11AFEE50,
11B0EE4F,
11B1EE4E,
11B2EE4D,
11B3EE4C,
11B4EE4B,
11B5EE4A,
11B6EE49,
11B7EE48,
11B8EE47,
11B9EE46,
11BAEE45,
11BBEE44,
11BCEE43,
11BDEE42,
11BEEE41,
11BFEE40,
11C0EE3F,
11C1EE3E,
11C2EE3D,
11C3EE3C,
11C4EE3B,
11C5EE3A,
11C6EE39,
11C7EE38,
11C8EE37,
11C9EE36,
11CAEE35,
11CBEE34,
11CCEE33,
11CDEE32,
11CEEE31,
11CFEE30,
11D0EE2F,
11D1EE2E,
11D2EE2D,
11D3EE2C,
11D4EE2B,
11D5EE2A,
11D6EE29,
11D7EE28,
11D8EE27,
11D9EE26,
11DAEE25,
11DBEE24,
11DCEE23,
11DDEE22,
11DEEE21,
11DFEE20,
11E0EE1F,
11E1EE1E,
11E2EE1D,
11E3EE1C,
11E4EE1B,
11E5EE1A,
11E6EE19,
11E7EE18,
11E8EE17,
11E9EE16,
11EAEE15,
11EBEE14,
11ECEE13,
11EDEE12,
11EEEE11,
11EFEE10,
11F0EE0F,
11F1EE0E,
11F2EE0D,
11F3EE0C,
11F4EE0B,
11F5EE0A,
11F6EE09,
11F7EE08,
11F8EE07,
11F9EE06,
11FAEE05,
11FBEE04,
11FCEE03,
11FDEE02,
11FEEE01,
11FFEE00,
1200EDFF,
1201EDFE,
1202EDFD,
1203EDFC,
1204EDFB,
1205EDFA,
1206EDF9,
1207EDF8,
1208EDF7,
1209EDF6,
120AEDF5,
120BEDF4,
120CEDF3,
120DEDF2,
120EEDF1,
120FEDF0,
1210EDEF,
1211EDEE,
1212EDED,
1213EDEC,
1214EDEB,
1215EDEA,
1216EDE9,
1217EDE8,
1218EDE7,
1219EDE6,
121AEDE5,
121BEDE4,
121CEDE3,
121DEDE2,
121EEDE1,
121FEDE0,
1220EDDF,
1221EDDE,
1222EDDD,
1223EDDC,
1224EDDB,
1225EDDA,
1226EDD9,
1227EDD8,
1228EDD7,
1229EDD6,
122AEDD5,
122BEDD4,
122CEDD3,
122DEDD2,
122EEDD1,
122FEDD0,
1230EDCF,
1231EDCE,
1232EDCD,
1233EDCC,
1234EDCB,
1235EDCA,
1236EDC9,
1237EDC8,
1238EDC7,
1239EDC6,
123AEDC5,
123BEDC4,
123CEDC3,
123DEDC2,
123EEDC1,
123FEDC0,
1240EDBF,
1241EDBE,
1242EDBD,
1243EDBC,
1244EDBB,
1245EDBA,
1246EDB9,
1247EDB8,
1248EDB7,
1249EDB6,
124AEDB5,
124BEDB4,
124CEDB3,
124DEDB2,
124EEDB1,
124FEDB0,
1250EDAF,
1251EDAE,
1252EDAD,
1253EDAC,
1254EDAB,
1255EDAA,
1256EDA9,
1257EDA8,
1258EDA7,
1259EDA6,
125AEDA5,
125BEDA4,
125CEDA3,
125DEDA2,
125EEDA1,
125FEDA0,
1260ED9F,
1261ED9E,
1262ED9D,
1263ED9C,
1264ED9B,
1265ED9A,
1266ED99,
1267ED98,
1268ED97,
1269ED96,
126AED95,
126BED94,
126CED93,
126DED92,
126EED91,
126FED90,
1270ED8F,
1271ED8E,
1272ED8D,
1273ED8C,
1274ED8B,
1275ED8A,
1276ED89,
1277ED88,
1278ED87,
1279ED86,
127AED85,
127BED84,
127CED83,
127DED82,
127EED81,
127FED80,
1280ED7F,
1281ED7E,
1282ED7D,
1283ED7C,
1284ED7B,
1285ED7A,
1286ED79,
1287ED78,
1288ED77,
1289ED76,
128AED75,
128BED74,
128CED73,
128DED72,
128EED71,
128FED70,
1290ED6F,
1291ED6E,
1292ED6D,
1293ED6C,
1294ED6B,
1295ED6A,
1296ED69,
1297ED68,
1298ED67,
1299ED66,
129AED65,
129BED64,
129CED63,
129DED62,
129EED61,
129FED60,
12A0ED5F,
12A1ED5E,
12A2ED5D,
12A3ED5C,
12A4ED5B,
12A5ED5A,
12A6ED59,
12A7ED58,
12A8ED57,
12A9ED56,
12AAED55,
12ABED54,
12ACED53,
12ADED52,
12AEED51,
12AFED50,
12B0ED4F,
12B1ED4E,
12B2ED4D,
12B3ED4C,
12B4ED4B,
12B5ED4A,
12B6ED49,
12B7ED48,
12B8ED47,
12B9ED46,
12BAED45,
12BBED44,
12BCED43,
12BDED42,
12BEED41,
12BFED40,
12C0ED3F,
12C1ED3E,
12C2ED3D,
12C3ED3C,
12C4ED3B,
12C5ED3A,
12C6ED39,
12C7ED38,
12C8ED37,
12C9ED36,
12CAED35,
12CBED34,
12CCED33,
12CDED32,
12CEED31,
12CFED30,
12D0ED2F,
12D1ED2E,
12D2ED2D,
12D3ED2C,
12D4ED2B,
12D5ED2A,
12D6ED29,
12D7ED28,
12D8ED27,
12D9ED26,
12DAED25,
12DBED24,
12DCED23,
12DDED22,
12DEED21,
12DFED20,
12E0ED1F,
12E1ED1E,
12E2ED1D,
12E3ED1C,
12E4ED1B,
12E5ED1A,
12E6ED19,
12E7ED18,
12E8ED17,
12E9ED16,
12EAED15,
12EBED14,
12ECED13,
12EDED12,
12EEED11,
12EFED10,
12F0ED0F,
12F1ED0E,
12F2ED0D,
12F3ED0C,
12F4ED0B,
12F5ED0A,
12F6ED09,
12F7ED08,
12F8ED07,
12F9ED06,
12FAED05,
12FBED04,
12FCED03,
12FDED02,
12FEED01,
12FFED00,
1300ECFF,
1301ECFE,
1302ECFD,
1303ECFC,
1304ECFB,
1305ECFA,
1306ECF9,
1307ECF8,
1308ECF7,
1309ECF6,
130AECF5,
130BECF4,
130CECF3,
130DECF2,
130EECF1,
130FECF0,
1310ECEF,
1311ECEE,
1312ECED,
1313ECEC,
1314ECEB,
1315ECEA,
1316ECE9,
1317ECE8,
1318ECE7,
1319ECE6,
131AECE5,
131BECE4,
131CECE3,
131DECE2,
131EECE1,
131FECE0,
1320ECDF,
1321ECDE,
1322ECDD,
1323ECDC,
1324ECDB,
1325ECDA,
1326ECD9,
1327ECD8,
1328ECD7,
1329ECD6,
132AECD5,
132BECD4,
132CECD3,
132DECD2,
132EECD1,
132FECD0,
1330ECCF,
1331ECCE,
1332ECCD,
1333ECCC,
1334ECCB,
1335ECCA,
1336ECC9,
1337ECC8,
1338ECC7,
1339ECC6,
133AECC5,
133BECC4,
133CECC3,
133DECC2,
133EECC1,
133FECC0,
1340ECBF,
1341ECBE,
1342ECBD,
1343ECBC,
1344ECBB,
1345ECBA,
1346ECB9,
1347ECB8,
1348ECB7,
1349ECB6,
134AECB5,
134BECB4,
134CECB3,
134DECB2,
134EECB1,
134FECB0,
1350ECAF,
1351ECAE,
1352ECAD,
1353ECAC,
1354ECAB,
1355ECAA,
1356ECA9,
1357ECA8,
1358ECA7,
1359ECA6,
135AECA5,
135BECA4,
135CECA3,
135DECA2,
135EECA1,
135FECA0,
1360EC9F,
1361EC9E,
1362EC9D,
1363EC9C,
1364EC9B,
1365EC9A,
1366EC99,
1367EC98,
1368EC97,
1369EC96,
136AEC95,
136BEC94,
136CEC93,
136DEC92,
136EEC91,
136FEC90,
1370EC8F,
1371EC8E,
1372EC8D,
1373EC8C,
1374EC8B,
1375EC8A,
1376EC89,
1377EC88,
1378EC87,
1379EC86,
137AEC85,
137BEC84,
137CEC83,
137DEC82,
137EEC81,
137FEC80,
1380EC7F,
1381EC7E,
1382EC7D,
1383EC7C,
1384EC7B,
1385EC7A,
1386EC79,
1387EC78,
1388EC77,
1389EC76,
138AEC75,
138BEC74,
138CEC73,
138DEC72,
138EEC71,
138FEC70,
1390EC6F,
1391EC6E,
1392EC6D,
1393EC6C,
1394EC6B,
1395EC6A,
1396EC69,
1397EC68,
1398EC67,
1399EC66,
139AEC65,
139BEC64,
139CEC63,
139DEC62,
139EEC61,
139FEC60,
13A0EC5F,
13A1EC5E,
13A2EC5D,
13A3EC5C,
13A4EC5B,
13A5EC5A,
13A6EC59,
13A7EC58,
13A8EC57,
13A9EC56,
13AAEC55,
13ABEC54,
13ACEC53,
13ADEC52,
13AEEC51,
13AFEC50,
13B0EC4F,
13B1EC4E,
13B2EC4D,
13B3EC4C,
13B4EC4B,
13B5EC4A,
13B6EC49,
13B7EC48,
13B8EC47,
13B9EC46,
13BAEC45,
13BBEC44,
13BCEC43,
13BDEC42,
13BEEC41,
13BFEC40,
13C0EC3F,
13C1EC3E,
13C2EC3D,
13C3EC3C,
13C4EC3B,
13C5EC3A,
13C6EC39,
13C7EC38,
13C8EC37,
13C9EC36,
13CAEC35,
13CBEC34,
13CCEC33,
13CDEC32,
13CEEC31,
13CFEC30,
13D0EC2F,
13D1EC2E,
13D2EC2D,
13D3EC2C,
13D4EC2B,
13D5EC2A,
13D6EC29,
13D7EC28,
13D8EC27,
13D9EC26,
13DAEC25,
13DBEC24,
13DCEC23,
13DDEC22,
13DEEC21,
13DFEC20,
13E0EC1F,
13E1EC1E,
13E2EC1D,
13E3EC1C,
13E4EC1B,
13E5EC1A,
13E6EC19,
13E7EC18,
13E8EC17,
13E9EC16,
13EAEC15,
13EBEC14,
13ECEC13,
13EDEC12,
13EEEC11,
13EFEC10,
13F0EC0F,
13F1EC0E,
13F2EC0D,
13F3EC0C,
13F4EC0B,
13F5EC0A,
13F6EC09,
13F7EC08,
13F8EC07,
13F9EC06,
13FAEC05,
13FBEC04,
13FCEC03,
13FDEC02,
13FEEC01,
13FFEC00,
1400EBFF,
1401EBFE,
1402EBFD,
1403EBFC,
1404EBFB,
1405EBFA,
1406EBF9,
1407EBF8,
1408EBF7,
1409EBF6,
140AEBF5,
140BEBF4,
140CEBF3,
140DEBF2,
140EEBF1,
140FEBF0,
1410EBEF,
1411EBEE,
1412EBED,
1413EBEC,
1414EBEB,
1415EBEA,
1416EBE9,
1417EBE8,
1418EBE7,
1419EBE6,
141AEBE5,
141BEBE4,
141CEBE3,
141DEBE2,
141EEBE1,
141FEBE0,
1420EBDF,
1421EBDE,
1422EBDD,
1423EBDC,
1424EBDB,
1425EBDA,
1426EBD9,
1427EBD8,
1428EBD7,
1429EBD6,
142AEBD5,
142BEBD4,
142CEBD3,
142DEBD2,
142EEBD1,
142FEBD0,
1430EBCF,
1431EBCE,
1432EBCD,
1433EBCC,
1434EBCB,
1435EBCA,
1436EBC9,
1437EBC8,
1438EBC7,
1439EBC6,
143AEBC5,
143BEBC4,
143CEBC3,
143DEBC2,
143EEBC1,
143FEBC0,
1440EBBF,
1441EBBE,
1442EBBD,
1443EBBC,
1444EBBB,
1445EBBA,
1446EBB9,
1447EBB8,
1448EBB7,
1449EBB6,
144AEBB5,
144BEBB4,
144CEBB3,
144DEBB2,
144EEBB1,
144FEBB0,
1450EBAF,
1451EBAE,
1452EBAD,
1453EBAC,
1454EBAB,
1455EBAA,
1456EBA9,
1457EBA8,
1458EBA7,
1459EBA6,
145AEBA5,
145BEBA4,
145CEBA3,
145DEBA2,
145EEBA1,
145FEBA0,
1460EB9F,
1461EB9E,
1462EB9D,
1463EB9C,
1464EB9B,
1465EB9A,
1466EB99,
1467EB98,
1468EB97,
1469EB96,
146AEB95,
146BEB94,
146CEB93,
146DEB92,
146EEB91,
146FEB90,
1470EB8F,
1471EB8E,
1472EB8D,
1473EB8C,
1474EB8B,
1475EB8A,
1476EB89,
1477EB88,
1478EB87,
1479EB86,
147AEB85,
147BEB84,
147CEB83,
147DEB82,
147EEB81,
147FEB80,
1480EB7F,
1481EB7E,
1482EB7D,
1483EB7C,
1484EB7B,
1485EB7A,
1486EB79,
1487EB78,
1488EB77,
1489EB76,
148AEB75,
148BEB74,
148CEB73,
148DEB72,
148EEB71,
148FEB70,
1490EB6F,
1491EB6E,
1492EB6D,
1493EB6C,
1494EB6B,
1495EB6A,
1496EB69,
1497EB68,
1498EB67,
1499EB66,
149AEB65,
149BEB64,
149CEB63,
149DEB62,
149EEB61,
149FEB60,
14A0EB5F,
14A1EB5E,
14A2EB5D,
14A3EB5C,
14A4EB5B,
14A5EB5A,
14A6EB59,
14A7EB58,
14A8EB57,
14A9EB56,
14AAEB55,
14ABEB54,
14ACEB53,
14ADEB52,
14AEEB51,
14AFEB50,
14B0EB4F,
14B1EB4E,
14B2EB4D,
14B3EB4C,
14B4EB4B,
14B5EB4A,
14B6EB49,
14B7EB48,
14B8EB47,
14B9EB46,
14BAEB45,
14BBEB44,
14BCEB43,
14BDEB42,
14BEEB41,
14BFEB40,
14C0EB3F,
14C1EB3E,
14C2EB3D,
14C3EB3C,
14C4EB3B,
14C5EB3A,
14C6EB39,
14C7EB38,
14C8EB37,
14C9EB36,
14CAEB35,
14CBEB34,
14CCEB33,
14CDEB32,
14CEEB31,
14CFEB30,
14D0EB2F,
14D1EB2E,
14D2EB2D,
14D3EB2C,
14D4EB2B,
14D5EB2A,
14D6EB29,
14D7EB28,
14D8EB27,
14D9EB26,
14DAEB25,
14DBEB24,
14DCEB23,
14DDEB22,
14DEEB21,
14DFEB20,
14E0EB1F,
14E1EB1E,
14E2EB1D,
14E3EB1C,
14E4EB1B,
14E5EB1A,
14E6EB19,
14E7EB18,
14E8EB17,
14E9EB16,
14EAEB15,
14EBEB14,
14ECEB13,
14EDEB12,
14EEEB11,
14EFEB10,
14F0EB0F,
14F1EB0E,
14F2EB0D,
14F3EB0C,
14F4EB0B,
14F5EB0A,
14F6EB09,
14F7EB08,
14F8EB07,
14F9EB06,
14FAEB05,
14FBEB04,
14FCEB03,
14FDEB02,
14FEEB01,
14FFEB00,
1500EAFF,
1501EAFE,
1502EAFD,
1503EAFC,
1504EAFB,
1505EAFA,
1506EAF9,
1507EAF8,
1508EAF7,
1509EAF6,
150AEAF5,
150BEAF4,
150CEAF3,
150DEAF2,
150EEAF1,
150FEAF0,
1510EAEF,
1511EAEE,
1512EAED,
1513EAEC,
1514EAEB,
1515EAEA,
1516EAE9,
1517EAE8,
1518EAE7,
1519EAE6,
151AEAE5,
151BEAE4,
151CEAE3,
151DEAE2,
151EEAE1,
151FEAE0,
1520EADF,
1521EADE,
1522EADD,
1523EADC,
1524EADB,
1525EADA,
1526EAD9,
1527EAD8,
1528EAD7,
1529EAD6,
152AEAD5,
152BEAD4,
152CEAD3,
152DEAD2,
152EEAD1,
152FEAD0,
1530EACF,
1531EACE,
1532EACD,
1533EACC,
1534EACB,
1535EACA,
1536EAC9,
1537EAC8,
1538EAC7,
1539EAC6,
153AEAC5,
153BEAC4,
153CEAC3,
153DEAC2,
153EEAC1,
153FEAC0,
1540EABF,
1541EABE,
1542EABD,
1543EABC,
1544EABB,
1545EABA,
1546EAB9,
1547EAB8,
1548EAB7,
1549EAB6,
154AEAB5,
154BEAB4,
154CEAB3,
154DEAB2,
154EEAB1,
154FEAB0,
1550EAAF,
1551EAAE,
1552EAAD,
1553EAAC,
1554EAAB,
1555EAAA,
1556EAA9,
1557EAA8,
1558EAA7,
1559EAA6,
155AEAA5,
155BEAA4,
155CEAA3,
155DEAA2,
155EEAA1,
155FEAA0,
1560EA9F,
1561EA9E,
1562EA9D,
1563EA9C,
1564EA9B,
1565EA9A,
1566EA99,
1567EA98,
1568EA97,
1569EA96,
156AEA95,
156BEA94,
156CEA93,
156DEA92,
156EEA91,
156FEA90,
1570EA8F,
1571EA8E,
1572EA8D,
1573EA8C,
1574EA8B,
1575EA8A,
1576EA89,
1577EA88,
1578EA87,
1579EA86,
157AEA85,
157BEA84,
157CEA83,
157DEA82,
157EEA81,
157FEA80,
1580EA7F,
1581EA7E,
1582EA7D,
1583EA7C,
1584EA7B,
1585EA7A,
1586EA79,
1587EA78,
1588EA77,
1589EA76,
158AEA75,
158BEA74,
158CEA73,
158DEA72,
158EEA71,
158FEA70,
1590EA6F,
1591EA6E,
1592EA6D,
1593EA6C,
1594EA6B,
1595EA6A,
1596EA69,
1597EA68,
1598EA67,
1599EA66,
159AEA65,
159BEA64,
159CEA63,
159DEA62,
159EEA61,
159FEA60,
15A0EA5F,
15A1EA5E,
15A2EA5D,
15A3EA5C,
15A4EA5B,
15A5EA5A,
15A6EA59,
15A7EA58,
15A8EA57,
15A9EA56,
15AAEA55,
15ABEA54,
15ACEA53,
15ADEA52,
15AEEA51,
15AFEA50,
15B0EA4F,
15B1EA4E,
15B2EA4D,
15B3EA4C,
15B4EA4B,
15B5EA4A,
15B6EA49,
15B7EA48,
15B8EA47,
15B9EA46,
15BAEA45,
15BBEA44,
15BCEA43,
15BDEA42,
15BEEA41,
15BFEA40,
15C0EA3F,
15C1EA3E,
15C2EA3D,
15C3EA3C,
15C4EA3B,
15C5EA3A,
15C6EA39,
15C7EA38,
15C8EA37,
15C9EA36,
15CAEA35,
15CBEA34,
15CCEA33,
15CDEA32,
15CEEA31,
15CFEA30,
15D0EA2F,
15D1EA2E,
15D2EA2D,
15D3EA2C,
15D4EA2B,
15D5EA2A,
15D6EA29,
15D7EA28,
15D8EA27,
15D9EA26,
15DAEA25,
15DBEA24,
15DCEA23,
15DDEA22,
15DEEA21,
15DFEA20,
15E0EA1F,
15E1EA1E,
15E2EA1D,
15E3EA1C,
15E4EA1B,
15E5EA1A,
15E6EA19,
15E7EA18,
15E8EA17,
15E9EA16,
15EAEA15,
15EBEA14,
15ECEA13,
15EDEA12,
15EEEA11,
15EFEA10,
15F0EA0F,
15F1EA0E,
15F2EA0D,
15F3EA0C,
15F4EA0B,
15F5EA0A,
15F6EA09,
15F7EA08,
15F8EA07,
15F9EA06,
15FAEA05,
15FBEA04,
15FCEA03,
15FDEA02,
15FEEA01,
15FFEA00,
1600E9FF,
1601E9FE,
1602E9FD,
1603E9FC,
1604E9FB,
1605E9FA,
1606E9F9,
1607E9F8,
1608E9F7,
1609E9F6,
160AE9F5,
160BE9F4,
160CE9F3,
160DE9F2,
160EE9F1,
160FE9F0,
1610E9EF,
1611E9EE,
1612E9ED,
1613E9EC,
1614E9EB,
1615E9EA,
1616E9E9,
1617E9E8,
1618E9E7,
1619E9E6,
161AE9E5,
161BE9E4,
161CE9E3,
161DE9E2,
161EE9E1,
161FE9E0,
1620E9DF,
1621E9DE,
1622E9DD,
1623E9DC,
1624E9DB,
1625E9DA,
1626E9D9,
1627E9D8,
1628E9D7,
1629E9D6,
162AE9D5,
162BE9D4,
162CE9D3,
162DE9D2,
162EE9D1,
162FE9D0,
1630E9CF,
1631E9CE,
1632E9CD,
1633E9CC,
1634E9CB,
1635E9CA,
1636E9C9,
1637E9C8,
1638E9C7,
1639E9C6,
163AE9C5,
163BE9C4,
163CE9C3,
163DE9C2,
163EE9C1,
163FE9C0,
1640E9BF,
1641E9BE,
1642E9BD,
1643E9BC,
1644E9BB,
1645E9BA,
1646E9B9,
1647E9B8,
1648E9B7,
1649E9B6,
164AE9B5,
164BE9B4,
164CE9B3,
164DE9B2,
164EE9B1,
164FE9B0,
1650E9AF,
1651E9AE,
1652E9AD,
1653E9AC,
1654E9AB,
1655E9AA,
1656E9A9,
1657E9A8,
1658E9A7,
1659E9A6,
165AE9A5,
165BE9A4,
165CE9A3,
165DE9A2,
165EE9A1,
165FE9A0,
1660E99F,
1661E99E,
1662E99D,
1663E99C,
1664E99B,
1665E99A,
1666E999,
1667E998,
1668E997,
1669E996,
166AE995,
166BE994,
166CE993,
166DE992,
166EE991,
166FE990,
1670E98F,
1671E98E,
1672E98D,
1673E98C,
1674E98B,
1675E98A,
1676E989,
1677E988,
1678E987,
1679E986,
167AE985,
167BE984,
167CE983,
167DE982,
167EE981,
167FE980,
1680E97F,
1681E97E,
1682E97D,
1683E97C,
1684E97B,
1685E97A,
1686E979,
1687E978,
1688E977,
1689E976,
168AE975,
168BE974,
168CE973,
168DE972,
168EE971,
168FE970,
1690E96F,
1691E96E,
1692E96D,
1693E96C,
1694E96B,
1695E96A,
1696E969,
1697E968,
1698E967,
1699E966,
169AE965,
169BE964,
169CE963,
169DE962,
169EE961,
169FE960,
16A0E95F,
16A1E95E,
16A2E95D,
16A3E95C,
16A4E95B,
16A5E95A,
16A6E959,
16A7E958,
16A8E957,
16A9E956,
16AAE955,
16ABE954,
16ACE953,
16ADE952,
16AEE951,
16AFE950,
16B0E94F,
16B1E94E,
16B2E94D,
16B3E94C,
16B4E94B,
16B5E94A,
16B6E949,
16B7E948,
16B8E947,
16B9E946,
16BAE945,
16BBE944,
16BCE943,
16BDE942,
16BEE941,
16BFE940,
16C0E93F,
16C1E93E,
16C2E93D,
16C3E93C,
16C4E93B,
16C5E93A,
16C6E939,
16C7E938,
16C8E937,
16C9E936,
16CAE935,
16CBE934,
16CCE933,
16CDE932,
16CEE931,
16CFE930,
16D0E92F,
16D1E92E,
16D2E92D,
16D3E92C,
16D4E92B,
16D5E92A,
16D6E929,
16D7E928,
16D8E927,
16D9E926,
16DAE925,
16DBE924,
16DCE923,
16DDE922,
16DEE921,
16DFE920,
16E0E91F,
16E1E91E,
16E2E91D,
16E3E91C,
16E4E91B,
16E5E91A,
16E6E919,
16E7E918,
16E8E917,
16E9E916,
16EAE915,
16EBE914,
16ECE913,
16EDE912,
16EEE911,
16EFE910,
16F0E90F,
16F1E90E,
16F2E90D,
16F3E90C,
16F4E90B,
16F5E90A,
16F6E909,
16F7E908,
16F8E907,
16F9E906,
16FAE905,
16FBE904,
16FCE903,
16FDE902,
16FEE901,
16FFE900,
1700E8FF,
1701E8FE,
1702E8FD,
1703E8FC,
1704E8FB,
1705E8FA,
1706E8F9,
1707E8F8,
1708E8F7,
1709E8F6,
170AE8F5,
170BE8F4,
170CE8F3,
170DE8F2,
170EE8F1,
170FE8F0,
1710E8EF,
1711E8EE,
1712E8ED,
1713E8EC,
1714E8EB,
1715E8EA,
1716E8E9,
1717E8E8,
1718E8E7,
1719E8E6,
171AE8E5,
171BE8E4,
171CE8E3,
171DE8E2,
171EE8E1,
171FE8E0,
1720E8DF,
1721E8DE,
1722E8DD,
1723E8DC,
1724E8DB,
1725E8DA,
1726E8D9,
1727E8D8,
1728E8D7,
1729E8D6,
172AE8D5,
172BE8D4,
172CE8D3,
172DE8D2,
172EE8D1,
172FE8D0,
1730E8CF,
1731E8CE,
1732E8CD,
1733E8CC,
1734E8CB,
1735E8CA,
1736E8C9,
1737E8C8,
1738E8C7,
1739E8C6,
173AE8C5,
173BE8C4,
173CE8C3,
173DE8C2,
173EE8C1,
173FE8C0,
1740E8BF,
1741E8BE,
1742E8BD,
1743E8BC,
1744E8BB,
1745E8BA,
1746E8B9,
1747E8B8,
1748E8B7,
1749E8B6,
174AE8B5,
174BE8B4,
174CE8B3,
174DE8B2,
174EE8B1,
174FE8B0,
1750E8AF,
1751E8AE,
1752E8AD,
1753E8AC,
1754E8AB,
1755E8AA,
1756E8A9,
1757E8A8,
1758E8A7,
1759E8A6,
175AE8A5,
175BE8A4,
175CE8A3,
175DE8A2,
175EE8A1,
175FE8A0,
1760E89F,
1761E89E,
1762E89D,
1763E89C,
1764E89B,
1765E89A,
1766E899,
1767E898,
1768E897,
1769E896,
176AE895,
176BE894,
176CE893,
176DE892,
176EE891,
176FE890,
1770E88F,
1771E88E,
1772E88D,
1773E88C,
1774E88B,
1775E88A,
1776E889,
1777E888,
1778E887,
1779E886,
177AE885,
177BE884,
177CE883,
177DE882,
177EE881,
177FE880,
1780E87F,
1781E87E,
1782E87D,
1783E87C,
1784E87B,
1785E87A,
1786E879,
1787E878,
1788E877,
1789E876,
178AE875,
178BE874,
178CE873,
178DE872,
178EE871,
178FE870,
1790E86F,
1791E86E,
1792E86D,
1793E86C,
1794E86B,
1795E86A,
1796E869,
1797E868,
1798E867,
1799E866,
179AE865,
179BE864,
179CE863,
179DE862,
179EE861,
179FE860,
17A0E85F,
17A1E85E,
17A2E85D,
17A3E85C,
17A4E85B,
17A5E85A,
17A6E859,
17A7E858,
17A8E857,
17A9E856,
17AAE855,
17ABE854,
17ACE853,
17ADE852,
17AEE851,
17AFE850,
17B0E84F,
17B1E84E,
17B2E84D,
17B3E84C,
17B4E84B,
17B5E84A,
17B6E849,
17B7E848,
17B8E847,
17B9E846,
17BAE845,
17BBE844,
17BCE843,
17BDE842,
17BEE841,
17BFE840,
17C0E83F,
17C1E83E,
17C2E83D,
17C3E83C,
17C4E83B,
17C5E83A,
17C6E839,
17C7E838,
17C8E837,
17C9E836,
17CAE835,
17CBE834,
17CCE833,
17CDE832,
17CEE831,
17CFE830,
17D0E82F,
17D1E82E,
17D2E82D,
17D3E82C,
17D4E82B,
17D5E82A,
17D6E829,
17D7E828,
17D8E827,
17D9E826,
17DAE825,
17DBE824,
17DCE823,
17DDE822,
17DEE821,
17DFE820,
17E0E81F,
17E1E81E,
17E2E81D,
17E3E81C,
17E4E81B,
17E5E81A,
17E6E819,
17E7E818,
17E8E817,
17E9E816,
17EAE815,
17EBE814,
17ECE813,
17EDE812,
17EEE811,
17EFE810,
17F0E80F,
17F1E80E,
17F2E80D,
17F3E80C,
17F4E80B,
17F5E80A,
17F6E809,
17F7E808,
17F8E807,
17F9E806,
17FAE805,
17FBE804,
17FCE803,
17FDE802,
17FEE801,
17FFE800,
1800E7FF,
1801E7FE,
1802E7FD,
1803E7FC,
1804E7FB,
1805E7FA,
1806E7F9,
1807E7F8,
1808E7F7,
1809E7F6,
180AE7F5,
180BE7F4,
180CE7F3,
180DE7F2,
180EE7F1,
180FE7F0,
1810E7EF,
1811E7EE,
1812E7ED,
1813E7EC,
1814E7EB,
1815E7EA,
1816E7E9,
1817E7E8,
1818E7E7,
1819E7E6,
181AE7E5,
181BE7E4,
181CE7E3,
181DE7E2,
181EE7E1,
181FE7E0,
1820E7DF,
1821E7DE,
1822E7DD,
1823E7DC,
1824E7DB,
1825E7DA,
1826E7D9,
1827E7D8,
1828E7D7,
1829E7D6,
182AE7D5,
182BE7D4,
182CE7D3,
182DE7D2,
182EE7D1,
182FE7D0,
1830E7CF,
1831E7CE,
1832E7CD,
1833E7CC,
1834E7CB,
1835E7CA,
1836E7C9,
1837E7C8,
1838E7C7,
1839E7C6,
183AE7C5,
183BE7C4,
183CE7C3,
183DE7C2,
183EE7C1,
183FE7C0,
1840E7BF,
1841E7BE,
1842E7BD,
1843E7BC,
1844E7BB,
1845E7BA,
1846E7B9,
1847E7B8,
1848E7B7,
1849E7B6,
184AE7B5,
184BE7B4,
184CE7B3,
184DE7B2,
184EE7B1,
184FE7B0,
1850E7AF,
1851E7AE,
1852E7AD,
1853E7AC,
1854E7AB,
1855E7AA,
1856E7A9,
1857E7A8,
1858E7A7,
1859E7A6,
185AE7A5,
185BE7A4,
185CE7A3,
185DE7A2,
185EE7A1,
185FE7A0,
1860E79F,
1861E79E,
1862E79D,
1863E79C,
1864E79B,
1865E79A,
1866E799,
1867E798,
1868E797,
1869E796,
186AE795,
186BE794,
186CE793,
186DE792,
186EE791,
186FE790,
1870E78F,
1871E78E,
1872E78D,
1873E78C,
1874E78B,
1875E78A,
1876E789,
1877E788,
1878E787,
1879E786,
187AE785,
187BE784,
187CE783,
187DE782,
187EE781,
187FE780,
1880E77F,
1881E77E,
1882E77D,
1883E77C,
1884E77B,
1885E77A,
1886E779,
1887E778,
1888E777,
1889E776,
188AE775,
188BE774,
188CE773,
188DE772,
188EE771,
188FE770,
1890E76F,
1891E76E,
1892E76D,
1893E76C,
1894E76B,
1895E76A,
1896E769,
1897E768,
1898E767,
1899E766,
189AE765,
189BE764,
189CE763,
189DE762,
189EE761,
189FE760,
18A0E75F,
18A1E75E,
18A2E75D,
18A3E75C,
18A4E75B,
18A5E75A,
18A6E759,
18A7E758,
18A8E757,
18A9E756,
18AAE755,
18ABE754,
18ACE753,
18ADE752,
18AEE751,
18AFE750,
18B0E74F,
18B1E74E,
18B2E74D,
18B3E74C,
18B4E74B,
18B5E74A,
18B6E749,
18B7E748,
18B8E747,
18B9E746,
18BAE745,
18BBE744,
18BCE743,
18BDE742,
18BEE741,
18BFE740,
18C0E73F,
18C1E73E,
18C2E73D,
18C3E73C,
18C4E73B,
18C5E73A,
18C6E739,
18C7E738,
18C8E737,
18C9E736,
18CAE735,
18CBE734,
18CCE733,
18CDE732,
18CEE731,
18CFE730,
18D0E72F,
18D1E72E,
18D2E72D,
18D3E72C,
18D4E72B,
18D5E72A,
18D6E729,
18D7E728,
18D8E727,
18D9E726,
18DAE725,
18DBE724,
18DCE723,
18DDE722,
18DEE721,
18DFE720,
18E0E71F,
18E1E71E,
18E2E71D,
18E3E71C,
18E4E71B,
18E5E71A,
18E6E719,
18E7E718,
18E8E717,
18E9E716,
18EAE715,
18EBE714,
18ECE713,
18EDE712,
18EEE711,
18EFE710,
18F0E70F,
18F1E70E,
18F2E70D,
18F3E70C,
18F4E70B,
18F5E70A,
18F6E709,
18F7E708,
18F8E707,
18F9E706,
18FAE705,
18FBE704,
18FCE703,
18FDE702,
18FEE701,
18FFE700,
1900E6FF,
1901E6FE,
1902E6FD,
1903E6FC,
1904E6FB,
1905E6FA,
1906E6F9,
1907E6F8,
1908E6F7,
1909E6F6,
190AE6F5,
190BE6F4,
190CE6F3,
190DE6F2,
190EE6F1,
190FE6F0,
1910E6EF,
1911E6EE,
1912E6ED,
1913E6EC,
1914E6EB,
1915E6EA,
1916E6E9,
1917E6E8,
1918E6E7,
1919E6E6,
191AE6E5,
191BE6E4,
191CE6E3,
191DE6E2,
191EE6E1,
191FE6E0,
1920E6DF,
1921E6DE,
1922E6DD,
1923E6DC,
1924E6DB,
1925E6DA,
1926E6D9,
1927E6D8,
1928E6D7,
1929E6D6,
192AE6D5,
192BE6D4,
192CE6D3,
192DE6D2,
192EE6D1,
192FE6D0,
1930E6CF,
1931E6CE,
1932E6CD,
1933E6CC,
1934E6CB,
1935E6CA,
1936E6C9,
1937E6C8,
1938E6C7,
1939E6C6,
193AE6C5,
193BE6C4,
193CE6C3,
193DE6C2,
193EE6C1,
193FE6C0,
1940E6BF,
1941E6BE,
1942E6BD,
1943E6BC,
1944E6BB,
1945E6BA,
1946E6B9,
1947E6B8,
1948E6B7,
1949E6B6,
194AE6B5,
194BE6B4,
194CE6B3,
194DE6B2,
194EE6B1,
194FE6B0,
1950E6AF,
1951E6AE,
1952E6AD,
1953E6AC,
1954E6AB,
1955E6AA,
1956E6A9,
1957E6A8,
1958E6A7,
1959E6A6,
195AE6A5,
195BE6A4,
195CE6A3,
195DE6A2,
195EE6A1,
195FE6A0,
1960E69F,
1961E69E,
1962E69D,
1963E69C,
1964E69B,
1965E69A,
1966E699,
1967E698,
1968E697,
1969E696,
196AE695,
196BE694,
196CE693,
196DE692,
196EE691,
196FE690,
1970E68F,
1971E68E,
1972E68D,
1973E68C,
1974E68B,
1975E68A,
1976E689,
1977E688,
1978E687,
1979E686,
197AE685,
197BE684,
197CE683,
197DE682,
197EE681,
197FE680,
1980E67F,
1981E67E,
1982E67D,
1983E67C,
1984E67B,
1985E67A,
1986E679,
1987E678,
1988E677,
1989E676,
198AE675,
198BE674,
198CE673,
198DE672,
198EE671,
198FE670,
1990E66F,
1991E66E,
1992E66D,
1993E66C,
1994E66B,
1995E66A,
1996E669,
1997E668,
1998E667,
1999E666,
199AE665,
199BE664,
199CE663,
199DE662,
199EE661,
199FE660,
19A0E65F,
19A1E65E,
19A2E65D,
19A3E65C,
19A4E65B,
19A5E65A,
19A6E659,
19A7E658,
19A8E657,
19A9E656,
19AAE655,
19ABE654,
19ACE653,
19ADE652,
19AEE651,
19AFE650,
19B0E64F,
19B1E64E,
19B2E64D,
19B3E64C,
19B4E64B,
19B5E64A,
19B6E649,
19B7E648,
19B8E647,
19B9E646,
19BAE645,
19BBE644,
19BCE643,
19BDE642,
19BEE641,
19BFE640,
19C0E63F,
19C1E63E,
19C2E63D,
19C3E63C,
19C4E63B,
19C5E63A,
19C6E639,
19C7E638,
19C8E637,
19C9E636,
19CAE635,
19CBE634,
19CCE633,
19CDE632,
19CEE631,
19CFE630,
19D0E62F,
19D1E62E,
19D2E62D,
19D3E62C,
19D4E62B,
19D5E62A,
19D6E629,
19D7E628,
19D8E627,
19D9E626,
19DAE625,
19DBE624,
19DCE623,
19DDE622,
19DEE621,
19DFE620,
19E0E61F,
19E1E61E,
19E2E61D,
19E3E61C,
19E4E61B,
19E5E61A,
19E6E619,
19E7E618,
19E8E617,
19E9E616,
19EAE615,
19EBE614,
19ECE613,
19EDE612,
19EEE611,
19EFE610,
19F0E60F,
19F1E60E,
19F2E60D,
19F3E60C,
19F4E60B,
19F5E60A,
19F6E609,
19F7E608,
19F8E607,
19F9E606,
19FAE605,
19FBE604,
19FCE603,
19FDE602,
19FEE601,
19FFE600,
1A00E5FF,
1A01E5FE,
1A02E5FD,
1A03E5FC,
1A04E5FB,
1A05E5FA,
1A06E5F9,
1A07E5F8,
1A08E5F7,
1A09E5F6,
1A0AE5F5,
1A0BE5F4,
1A0CE5F3,
1A0DE5F2,
1A0EE5F1,
1A0FE5F0,
1A10E5EF,
1A11E5EE,
1A12E5ED,
1A13E5EC,
1A14E5EB,
1A15E5EA,
1A16E5E9,
1A17E5E8,
1A18E5E7,
1A19E5E6,
1A1AE5E5,
1A1BE5E4,
1A1CE5E3,
1A1DE5E2,
1A1EE5E1,
1A1FE5E0,
1A20E5DF,
1A21E5DE,
1A22E5DD,
1A23E5DC,
1A24E5DB,
1A25E5DA,
1A26E5D9,
1A27E5D8,
1A28E5D7,
1A29E5D6,
1A2AE5D5,
1A2BE5D4,
1A2CE5D3,
1A2DE5D2,
1A2EE5D1,
1A2FE5D0,
1A30E5CF,
1A31E5CE,
1A32E5CD,
1A33E5CC,
1A34E5CB,
1A35E5CA,
1A36E5C9,
1A37E5C8,
1A38E5C7,
1A39E5C6,
1A3AE5C5,
1A3BE5C4,
1A3CE5C3,
1A3DE5C2,
1A3EE5C1,
1A3FE5C0,
1A40E5BF,
1A41E5BE,
1A42E5BD,
1A43E5BC,
1A44E5BB,
1A45E5BA,
1A46E5B9,
1A47E5B8,
1A48E5B7,
1A49E5B6,
1A4AE5B5,
1A4BE5B4,
1A4CE5B3,
1A4DE5B2,
1A4EE5B1,
1A4FE5B0,
1A50E5AF,
1A51E5AE,
1A52E5AD,
1A53E5AC,
1A54E5AB,
1A55E5AA,
1A56E5A9,
1A57E5A8,
1A58E5A7,
1A59E5A6,
1A5AE5A5,
1A5BE5A4,
1A5CE5A3,
1A5DE5A2,
1A5EE5A1,
1A5FE5A0,
1A60E59F,
1A61E59E,
1A62E59D,
1A63E59C,
1A64E59B,
1A65E59A,
1A66E599,
1A67E598,
1A68E597,
1A69E596,
1A6AE595,
1A6BE594,
1A6CE593,
1A6DE592,
1A6EE591,
1A6FE590,
1A70E58F,
1A71E58E,
1A72E58D,
1A73E58C,
1A74E58B,
1A75E58A,
1A76E589,
1A77E588,
1A78E587,
1A79E586,
1A7AE585,
1A7BE584,
1A7CE583,
1A7DE582,
1A7EE581,
1A7FE580,
1A80E57F,
1A81E57E,
1A82E57D,
1A83E57C,
1A84E57B,
1A85E57A,
1A86E579,
1A87E578,
1A88E577,
1A89E576,
1A8AE575,
1A8BE574,
1A8CE573,
1A8DE572,
1A8EE571,
1A8FE570,
1A90E56F,
1A91E56E,
1A92E56D,
1A93E56C,
1A94E56B,
1A95E56A,
1A96E569,
1A97E568,
1A98E567,
1A99E566,
1A9AE565,
1A9BE564,
1A9CE563,
1A9DE562,
1A9EE561,
1A9FE560,
1AA0E55F,
1AA1E55E,
1AA2E55D,
1AA3E55C,
1AA4E55B,
1AA5E55A,
1AA6E559,
1AA7E558,
1AA8E557,
1AA9E556,
1AAAE555,
1AABE554,
1AACE553,
1AADE552,
1AAEE551,
1AAFE550,
1AB0E54F,
1AB1E54E,
1AB2E54D,
1AB3E54C,
1AB4E54B,
1AB5E54A,
1AB6E549,
1AB7E548,
1AB8E547,
1AB9E546,
1ABAE545,
1ABBE544,
1ABCE543,
1ABDE542,
1ABEE541,
1ABFE540,
1AC0E53F,
1AC1E53E,
1AC2E53D,
1AC3E53C,
1AC4E53B,
1AC5E53A,
1AC6E539,
1AC7E538,
1AC8E537,
1AC9E536,
1ACAE535,
1ACBE534,
1ACCE533,
1ACDE532,
1ACEE531,
1ACFE530,
1AD0E52F,
1AD1E52E,
1AD2E52D,
1AD3E52C,
1AD4E52B,
1AD5E52A,
1AD6E529,
1AD7E528,
1AD8E527,
1AD9E526,
1ADAE525,
1ADBE524,
1ADCE523,
1ADDE522,
1ADEE521,
1ADFE520,
1AE0E51F,
1AE1E51E,
1AE2E51D,
1AE3E51C,
1AE4E51B,
1AE5E51A,
1AE6E519,
1AE7E518,
1AE8E517,
1AE9E516,
1AEAE515,
1AEBE514,
1AECE513,
1AEDE512,
1AEEE511,
1AEFE510,
1AF0E50F,
1AF1E50E,
1AF2E50D,
1AF3E50C,
1AF4E50B,
1AF5E50A,
1AF6E509,
1AF7E508,
1AF8E507,
1AF9E506,
1AFAE505,
1AFBE504,
1AFCE503,
1AFDE502,
1AFEE501,
1AFFE500,
1B00E4FF,
1B01E4FE,
1B02E4FD,
1B03E4FC,
1B04E4FB,
1B05E4FA,
1B06E4F9,
1B07E4F8,
1B08E4F7,
1B09E4F6,
1B0AE4F5,
1B0BE4F4,
1B0CE4F3,
1B0DE4F2,
1B0EE4F1,
1B0FE4F0,
1B10E4EF,
1B11E4EE,
1B12E4ED,
1B13E4EC,
1B14E4EB,
1B15E4EA,
1B16E4E9,
1B17E4E8,
1B18E4E7,
1B19E4E6,
1B1AE4E5,
1B1BE4E4,
1B1CE4E3,
1B1DE4E2,
1B1EE4E1,
1B1FE4E0,
1B20E4DF,
1B21E4DE,
1B22E4DD,
1B23E4DC,
1B24E4DB,
1B25E4DA,
1B26E4D9,
1B27E4D8,
1B28E4D7,
1B29E4D6,
1B2AE4D5,
1B2BE4D4,
1B2CE4D3,
1B2DE4D2,
1B2EE4D1,
1B2FE4D0,
1B30E4CF,
1B31E4CE,
1B32E4CD,
1B33E4CC,
1B34E4CB,
1B35E4CA,
1B36E4C9,
1B37E4C8,
1B38E4C7,
1B39E4C6,
1B3AE4C5,
1B3BE4C4,
1B3CE4C3,
1B3DE4C2,
1B3EE4C1,
1B3FE4C0,
1B40E4BF,
1B41E4BE,
1B42E4BD,
1B43E4BC,
1B44E4BB,
1B45E4BA,
1B46E4B9,
1B47E4B8,
1B48E4B7,
1B49E4B6,
1B4AE4B5,
1B4BE4B4,
1B4CE4B3,
1B4DE4B2,
1B4EE4B1,
1B4FE4B0,
1B50E4AF,
1B51E4AE,
1B52E4AD,
1B53E4AC,
1B54E4AB,
1B55E4AA,
1B56E4A9,
1B57E4A8,
1B58E4A7,
1B59E4A6,
1B5AE4A5,
1B5BE4A4,
1B5CE4A3,
1B5DE4A2,
1B5EE4A1,
1B5FE4A0,
1B60E49F,
1B61E49E,
1B62E49D,
1B63E49C,
1B64E49B,
1B65E49A,
1B66E499,
1B67E498,
1B68E497,
1B69E496,
1B6AE495,
1B6BE494,
1B6CE493,
1B6DE492,
1B6EE491,
1B6FE490,
1B70E48F,
1B71E48E,
1B72E48D,
1B73E48C,
1B74E48B,
1B75E48A,
1B76E489,
1B77E488,
1B78E487,
1B79E486,
1B7AE485,
1B7BE484,
1B7CE483,
1B7DE482,
1B7EE481,
1B7FE480,
1B80E47F,
1B81E47E,
1B82E47D,
1B83E47C,
1B84E47B,
1B85E47A,
1B86E479,
1B87E478,
1B88E477,
1B89E476,
1B8AE475,
1B8BE474,
1B8CE473,
1B8DE472,
1B8EE471,
1B8FE470,
1B90E46F,
1B91E46E,
1B92E46D,
1B93E46C,
1B94E46B,
1B95E46A,
1B96E469,
1B97E468,
1B98E467,
1B99E466,
1B9AE465,
1B9BE464,
1B9CE463,
1B9DE462,
1B9EE461,
1B9FE460,
1BA0E45F,
1BA1E45E,
1BA2E45D,
1BA3E45C,
1BA4E45B,
1BA5E45A,
1BA6E459,
1BA7E458,
1BA8E457,
1BA9E456,
1BAAE455,
1BABE454,
1BACE453,
1BADE452,
1BAEE451,
1BAFE450,
1BB0E44F,
1BB1E44E,
1BB2E44D,
1BB3E44C,
1BB4E44B,
1BB5E44A,
1BB6E449,
1BB7E448,
1BB8E447,
1BB9E446,
1BBAE445,
1BBBE444,
1BBCE443,
1BBDE442,
1BBEE441,
1BBFE440,
1BC0E43F,
1BC1E43E,
1BC2E43D,
1BC3E43C,
1BC4E43B,
1BC5E43A,
1BC6E439,
1BC7E438,
1BC8E437,
1BC9E436,
1BCAE435,
1BCBE434,
1BCCE433,
1BCDE432,
1BCEE431,
1BCFE430,
1BD0E42F,
1BD1E42E,
1BD2E42D,
1BD3E42C,
1BD4E42B,
1BD5E42A,
1BD6E429,
1BD7E428,
1BD8E427,
1BD9E426,
1BDAE425,
1BDBE424,
1BDCE423,
1BDDE422,
1BDEE421,
1BDFE420,
1BE0E41F,
1BE1E41E,
1BE2E41D,
1BE3E41C,
1BE4E41B,
1BE5E41A,
1BE6E419,
1BE7E418,
1BE8E417,
1BE9E416,
1BEAE415,
1BEBE414,
1BECE413,
1BEDE412,
1BEEE411,
1BEFE410,
1BF0E40F,
1BF1E40E,
1BF2E40D,
1BF3E40C,
1BF4E40B,
1BF5E40A,
1BF6E409,
1BF7E408,
1BF8E407,
1BF9E406,
1BFAE405,
1BFBE404,
1BFCE403,
1BFDE402,
1BFEE401,
1BFFE400,
1C00E3FF,
1C01E3FE,
1C02E3FD,
1C03E3FC,
1C04E3FB,
1C05E3FA,
1C06E3F9,
1C07E3F8,
1C08E3F7,
1C09E3F6,
1C0AE3F5,
1C0BE3F4,
1C0CE3F3,
1C0DE3F2,
1C0EE3F1,
1C0FE3F0,
1C10E3EF,
1C11E3EE,
1C12E3ED,
1C13E3EC,
1C14E3EB,
1C15E3EA,
1C16E3E9,
1C17E3E8,
1C18E3E7,
1C19E3E6,
1C1AE3E5,
1C1BE3E4,
1C1CE3E3,
1C1DE3E2,
1C1EE3E1,
1C1FE3E0,
1C20E3DF,
1C21E3DE,
1C22E3DD,
1C23E3DC,
1C24E3DB,
1C25E3DA,
1C26E3D9,
1C27E3D8,
1C28E3D7,
1C29E3D6,
1C2AE3D5,
1C2BE3D4,
1C2CE3D3,
1C2DE3D2,
1C2EE3D1,
1C2FE3D0,
1C30E3CF,
1C31E3CE,
1C32E3CD,
1C33E3CC,
1C34E3CB,
1C35E3CA,
1C36E3C9,
1C37E3C8,
1C38E3C7,
1C39E3C6,
1C3AE3C5,
1C3BE3C4,
1C3CE3C3,
1C3DE3C2,
1C3EE3C1,
1C3FE3C0,
1C40E3BF,
1C41E3BE,
1C42E3BD,
1C43E3BC,
1C44E3BB,
1C45E3BA,
1C46E3B9,
1C47E3B8,
1C48E3B7,
1C49E3B6,
1C4AE3B5,
1C4BE3B4,
1C4CE3B3,
1C4DE3B2,
1C4EE3B1,
1C4FE3B0,
1C50E3AF,
1C51E3AE,
1C52E3AD,
1C53E3AC,
1C54E3AB,
1C55E3AA,
1C56E3A9,
1C57E3A8,
1C58E3A7,
1C59E3A6,
1C5AE3A5,
1C5BE3A4,
1C5CE3A3,
1C5DE3A2,
1C5EE3A1,
1C5FE3A0,
1C60E39F,
1C61E39E,
1C62E39D,
1C63E39C,
1C64E39B,
1C65E39A,
1C66E399,
1C67E398,
1C68E397,
1C69E396,
1C6AE395,
1C6BE394,
1C6CE393,
1C6DE392,
1C6EE391,
1C6FE390,
1C70E38F,
1C71E38E,
1C72E38D,
1C73E38C,
1C74E38B,
1C75E38A,
1C76E389,
1C77E388,
1C78E387,
1C79E386,
1C7AE385,
1C7BE384,
1C7CE383,
1C7DE382,
1C7EE381,
1C7FE380,
1C80E37F,
1C81E37E,
1C82E37D,
1C83E37C,
1C84E37B,
1C85E37A,
1C86E379,
1C87E378,
1C88E377,
1C89E376,
1C8AE375,
1C8BE374,
1C8CE373,
1C8DE372,
1C8EE371,
1C8FE370,
1C90E36F,
1C91E36E,
1C92E36D,
1C93E36C,
1C94E36B,
1C95E36A,
1C96E369,
1C97E368,
1C98E367,
1C99E366,
1C9AE365,
1C9BE364,
1C9CE363,
1C9DE362,
1C9EE361,
1C9FE360,
1CA0E35F,
1CA1E35E,
1CA2E35D,
1CA3E35C,
1CA4E35B,
1CA5E35A,
1CA6E359,
1CA7E358,
1CA8E357,
1CA9E356,
1CAAE355,
1CABE354,
1CACE353,
1CADE352,
1CAEE351,
1CAFE350,
1CB0E34F,
1CB1E34E,
1CB2E34D,
1CB3E34C,
1CB4E34B,
1CB5E34A,
1CB6E349,
1CB7E348,
1CB8E347,
1CB9E346,
1CBAE345,
1CBBE344,
1CBCE343,
1CBDE342,
1CBEE341,
1CBFE340,
1CC0E33F,
1CC1E33E,
1CC2E33D,
1CC3E33C,
1CC4E33B,
1CC5E33A,
1CC6E339,
1CC7E338,
1CC8E337,
1CC9E336,
1CCAE335,
1CCBE334,
1CCCE333,
1CCDE332,
1CCEE331,
1CCFE330,
1CD0E32F,
1CD1E32E,
1CD2E32D,
1CD3E32C,
1CD4E32B,
1CD5E32A,
1CD6E329,
1CD7E328,
1CD8E327,
1CD9E326,
1CDAE325,
1CDBE324,
1CDCE323,
1CDDE322,
1CDEE321,
1CDFE320,
1CE0E31F,
1CE1E31E,
1CE2E31D,
1CE3E31C,
1CE4E31B,
1CE5E31A,
1CE6E319,
1CE7E318,
1CE8E317,
1CE9E316,
1CEAE315,
1CEBE314,
1CECE313,
1CEDE312,
1CEEE311,
1CEFE310,
1CF0E30F,
1CF1E30E,
1CF2E30D,
1CF3E30C,
1CF4E30B,
1CF5E30A,
1CF6E309,
1CF7E308,
1CF8E307,
1CF9E306,
1CFAE305,
1CFBE304,
1CFCE303,
1CFDE302,
1CFEE301,
1CFFE300,
1D00E2FF,
1D01E2FE,
1D02E2FD,
1D03E2FC,
1D04E2FB,
1D05E2FA,
1D06E2F9,
1D07E2F8,
1D08E2F7,
1D09E2F6,
1D0AE2F5,
1D0BE2F4,
1D0CE2F3,
1D0DE2F2,
1D0EE2F1,
1D0FE2F0,
1D10E2EF,
1D11E2EE,
1D12E2ED,
1D13E2EC,
1D14E2EB,
1D15E2EA,
1D16E2E9,
1D17E2E8,
1D18E2E7,
1D19E2E6,
1D1AE2E5,
1D1BE2E4,
1D1CE2E3,
1D1DE2E2,
1D1EE2E1,
1D1FE2E0,
1D20E2DF,
1D21E2DE,
1D22E2DD,
1D23E2DC,
1D24E2DB,
1D25E2DA,
1D26E2D9,
1D27E2D8,
1D28E2D7,
1D29E2D6,
1D2AE2D5,
1D2BE2D4,
1D2CE2D3,
1D2DE2D2,
1D2EE2D1,
1D2FE2D0,
1D30E2CF,
1D31E2CE,
1D32E2CD,
1D33E2CC,
1D34E2CB,
1D35E2CA,
1D36E2C9,
1D37E2C8,
1D38E2C7,
1D39E2C6,
1D3AE2C5,
1D3BE2C4,
1D3CE2C3,
1D3DE2C2,
1D3EE2C1,
1D3FE2C0,
1D40E2BF,
1D41E2BE,
1D42E2BD,
1D43E2BC,
1D44E2BB,
1D45E2BA,
1D46E2B9,
1D47E2B8,
1D48E2B7,
1D49E2B6,
1D4AE2B5,
1D4BE2B4,
1D4CE2B3,
1D4DE2B2,
1D4EE2B1,
1D4FE2B0,
1D50E2AF,
1D51E2AE,
1D52E2AD,
1D53E2AC,
1D54E2AB,
1D55E2AA,
1D56E2A9,
1D57E2A8,
1D58E2A7,
1D59E2A6,
1D5AE2A5,
1D5BE2A4,
1D5CE2A3,
1D5DE2A2,
1D5EE2A1,
1D5FE2A0,
1D60E29F,
1D61E29E,
1D62E29D,
1D63E29C,
1D64E29B,
1D65E29A,
1D66E299,
1D67E298,
1D68E297,
1D69E296,
1D6AE295,
1D6BE294,
1D6CE293,
1D6DE292,
1D6EE291,
1D6FE290,
1D70E28F,
1D71E28E,
1D72E28D,
1D73E28C,
1D74E28B,
1D75E28A,
1D76E289,
1D77E288,
1D78E287,
1D79E286,
1D7AE285,
1D7BE284,
1D7CE283,
1D7DE282,
1D7EE281,
1D7FE280,
1D80E27F,
1D81E27E,
1D82E27D,
1D83E27C,
1D84E27B,
1D85E27A,
1D86E279,
1D87E278,
1D88E277,
1D89E276,
1D8AE275,
1D8BE274,
1D8CE273,
1D8DE272,
1D8EE271,
1D8FE270,
1D90E26F,
1D91E26E,
1D92E26D,
1D93E26C,
1D94E26B,
1D95E26A,
1D96E269,
1D97E268,
1D98E267,
1D99E266,
1D9AE265,
1D9BE264,
1D9CE263,
1D9DE262,
1D9EE261,
1D9FE260,
1DA0E25F,
1DA1E25E,
1DA2E25D,
1DA3E25C,
1DA4E25B,
1DA5E25A,
1DA6E259,
1DA7E258,
1DA8E257,
1DA9E256,
1DAAE255,
1DABE254,
1DACE253,
1DADE252,
1DAEE251,
1DAFE250,
1DB0E24F,
1DB1E24E,
1DB2E24D,
1DB3E24C,
1DB4E24B,
1DB5E24A,
1DB6E249,
1DB7E248,
1DB8E247,
1DB9E246,
1DBAE245,
1DBBE244,
1DBCE243,
1DBDE242,
1DBEE241,
1DBFE240,
1DC0E23F,
1DC1E23E,
1DC2E23D,
1DC3E23C,
1DC4E23B,
1DC5E23A,
1DC6E239,
1DC7E238,
1DC8E237,
1DC9E236,
1DCAE235,
1DCBE234,
1DCCE233,
1DCDE232,
1DCEE231,
1DCFE230,
1DD0E22F,
1DD1E22E,
1DD2E22D,
1DD3E22C,
1DD4E22B,
1DD5E22A,
1DD6E229,
1DD7E228,
1DD8E227,
1DD9E226,
1DDAE225,
1DDBE224,
1DDCE223,
1DDDE222,
1DDEE221,
1DDFE220,
1DE0E21F,
1DE1E21E,
1DE2E21D,
1DE3E21C,
1DE4E21B,
1DE5E21A,
1DE6E219,
1DE7E218,
1DE8E217,
1DE9E216,
1DEAE215,
1DEBE214,
1DECE213,
1DEDE212,
1DEEE211,
1DEFE210,
1DF0E20F,
1DF1E20E,
1DF2E20D,
1DF3E20C,
1DF4E20B,
1DF5E20A,
1DF6E209,
1DF7E208,
1DF8E207,
1DF9E206,
1DFAE205,
1DFBE204,
1DFCE203,
1DFDE202,
1DFEE201,
1DFFE200,
1E00E1FF,
1E01E1FE,
1E02E1FD,
1E03E1FC,
1E04E1FB,
1E05E1FA,
1E06E1F9,
1E07E1F8,
1E08E1F7,
1E09E1F6,
1E0AE1F5,
1E0BE1F4,
1E0CE1F3,
1E0DE1F2,
1E0EE1F1,
1E0FE1F0,
1E10E1EF,
1E11E1EE,
1E12E1ED,
1E13E1EC,
1E14E1EB,
1E15E1EA,
1E16E1E9,
1E17E1E8,
1E18E1E7,
1E19E1E6,
1E1AE1E5,
1E1BE1E4,
1E1CE1E3,
1E1DE1E2,
1E1EE1E1,
1E1FE1E0,
1E20E1DF,
1E21E1DE,
1E22E1DD,
1E23E1DC,
1E24E1DB,
1E25E1DA,
1E26E1D9,
1E27E1D8,
1E28E1D7,
1E29E1D6,
1E2AE1D5,
1E2BE1D4,
1E2CE1D3,
1E2DE1D2,
1E2EE1D1,
1E2FE1D0,
1E30E1CF,
1E31E1CE,
1E32E1CD,
1E33E1CC,
1E34E1CB,
1E35E1CA,
1E36E1C9,
1E37E1C8,
1E38E1C7,
1E39E1C6,
1E3AE1C5,
1E3BE1C4,
1E3CE1C3,
1E3DE1C2,
1E3EE1C1,
1E3FE1C0,
1E40E1BF,
1E41E1BE,
1E42E1BD,
1E43E1BC,
1E44E1BB,
1E45E1BA,
1E46E1B9,
1E47E1B8,
1E48E1B7,
1E49E1B6,
1E4AE1B5,
1E4BE1B4,
1E4CE1B3,
1E4DE1B2,
1E4EE1B1,
1E4FE1B0,
1E50E1AF,
1E51E1AE,
1E52E1AD,
1E53E1AC,
1E54E1AB,
1E55E1AA,
1E56E1A9,
1E57E1A8,
1E58E1A7,
1E59E1A6,
1E5AE1A5,
1E5BE1A4,
1E5CE1A3,
1E5DE1A2,
1E5EE1A1,
1E5FE1A0,
1E60E19F,
1E61E19E,
1E62E19D,
1E63E19C,
1E64E19B,
1E65E19A,
1E66E199,
1E67E198,
1E68E197,
1E69E196,
1E6AE195,
1E6BE194,
1E6CE193,
1E6DE192,
1E6EE191,
1E6FE190,
1E70E18F,
1E71E18E,
1E72E18D,
1E73E18C,
1E74E18B,
1E75E18A,
1E76E189,
1E77E188,
1E78E187,
1E79E186,
1E7AE185,
1E7BE184,
1E7CE183,
1E7DE182,
1E7EE181,
1E7FE180,
1E80E17F,
1E81E17E,
1E82E17D,
1E83E17C,
1E84E17B,
1E85E17A,
1E86E179,
1E87E178,
1E88E177,
1E89E176,
1E8AE175,
1E8BE174,
1E8CE173,
1E8DE172,
1E8EE171,
1E8FE170,
1E90E16F,
1E91E16E,
1E92E16D,
1E93E16C,
1E94E16B,
1E95E16A,
1E96E169,
1E97E168,
1E98E167,
1E99E166,
1E9AE165,
1E9BE164,
1E9CE163,
1E9DE162,
1E9EE161,
1E9FE160,
1EA0E15F,
1EA1E15E,
1EA2E15D,
1EA3E15C,
1EA4E15B,
1EA5E15A,
1EA6E159,
1EA7E158,
1EA8E157,
1EA9E156,
1EAAE155,
1EABE154,
1EACE153,
1EADE152,
1EAEE151,
1EAFE150,
1EB0E14F,
1EB1E14E,
1EB2E14D,
1EB3E14C,
1EB4E14B,
1EB5E14A,
1EB6E149,
1EB7E148,
1EB8E147,
1EB9E146,
1EBAE145,
1EBBE144,
1EBCE143,
1EBDE142,
1EBEE141,
1EBFE140,
1EC0E13F,
1EC1E13E,
1EC2E13D,
1EC3E13C,
1EC4E13B,
1EC5E13A,
1EC6E139,
1EC7E138,
1EC8E137,
1EC9E136,
1ECAE135,
1ECBE134,
1ECCE133,
1ECDE132,
1ECEE131,
1ECFE130,
1ED0E12F,
1ED1E12E,
1ED2E12D,
1ED3E12C,
1ED4E12B,
1ED5E12A,
1ED6E129,
1ED7E128,
1ED8E127,
1ED9E126,
1EDAE125,
1EDBE124,
1EDCE123,
1EDDE122,
1EDEE121,
1EDFE120,
1EE0E11F,
1EE1E11E,
1EE2E11D,
1EE3E11C,
1EE4E11B,
1EE5E11A,
1EE6E119,
1EE7E118,
1EE8E117,
1EE9E116,
1EEAE115,
1EEBE114,
1EECE113,
1EEDE112,
1EEEE111,
1EEFE110,
1EF0E10F,
1EF1E10E,
1EF2E10D,
1EF3E10C,
1EF4E10B,
1EF5E10A,
1EF6E109,
1EF7E108,
1EF8E107,
1EF9E106,
1EFAE105,
1EFBE104,
1EFCE103,
1EFDE102,
1EFEE101,
1EFFE100,
1F00E0FF,
1F01E0FE,
1F02E0FD,
1F03E0FC,
1F04E0FB,
1F05E0FA,
1F06E0F9,
1F07E0F8,
1F08E0F7,
1F09E0F6,
1F0AE0F5,
1F0BE0F4,
1F0CE0F3,
1F0DE0F2,
1F0EE0F1,
1F0FE0F0,
1F10E0EF,
1F11E0EE,
1F12E0ED,
1F13E0EC,
1F14E0EB,
1F15E0EA,
1F16E0E9,
1F17E0E8,
1F18E0E7,
1F19E0E6,
1F1AE0E5,
1F1BE0E4,
1F1CE0E3,
1F1DE0E2,
1F1EE0E1,
1F1FE0E0,
1F20E0DF,
1F21E0DE,
1F22E0DD,
1F23E0DC,
1F24E0DB,
1F25E0DA,
1F26E0D9,
1F27E0D8,
1F28E0D7,
1F29E0D6,
1F2AE0D5,
1F2BE0D4,
1F2CE0D3,
1F2DE0D2,
1F2EE0D1,
1F2FE0D0,
1F30E0CF,
1F31E0CE,
1F32E0CD,
1F33E0CC,
1F34E0CB,
1F35E0CA,
1F36E0C9,
1F37E0C8,
1F38E0C7,
1F39E0C6,
1F3AE0C5,
1F3BE0C4,
1F3CE0C3,
1F3DE0C2,
1F3EE0C1,
1F3FE0C0,
1F40E0BF,
1F41E0BE,
1F42E0BD,
1F43E0BC,
1F44E0BB,
1F45E0BA,
1F46E0B9,
1F47E0B8,
1F48E0B7,
1F49E0B6,
1F4AE0B5,
1F4BE0B4,
1F4CE0B3,
1F4DE0B2,
1F4EE0B1,
1F4FE0B0,
1F50E0AF,
1F51E0AE,
1F52E0AD,
1F53E0AC,
1F54E0AB,
1F55E0AA,
1F56E0A9,
1F57E0A8,
1F58E0A7,
1F59E0A6,
1F5AE0A5,
1F5BE0A4,
1F5CE0A3,
1F5DE0A2,
1F5EE0A1,
1F5FE0A0,
1F60E09F,
1F61E09E,
1F62E09D,
1F63E09C,
1F64E09B,
1F65E09A,
1F66E099,
1F67E098,
1F68E097,
1F69E096,
1F6AE095,
1F6BE094,
1F6CE093,
1F6DE092,
1F6EE091,
1F6FE090,
1F70E08F,
1F71E08E,
1F72E08D,
1F73E08C,
1F74E08B,
1F75E08A,
1F76E089,
1F77E088,
1F78E087,
1F79E086,
1F7AE085,
1F7BE084,
1F7CE083,
1F7DE082,
1F7EE081,
1F7FE080,
1F80E07F,
1F81E07E,
1F82E07D,
1F83E07C,
1F84E07B,
1F85E07A,
1F86E079,
1F87E078,
1F88E077,
1F89E076,
1F8AE075,
1F8BE074,
1F8CE073,
1F8DE072,
1F8EE071,
1F8FE070,
1F90E06F,
1F91E06E,
1F92E06D,
1F93E06C,
1F94E06B,
1F95E06A,
1F96E069,
1F97E068,
1F98E067,
1F99E066,
1F9AE065,
1F9BE064,
1F9CE063,
1F9DE062,
1F9EE061,
1F9FE060,
1FA0E05F,
1FA1E05E,
1FA2E05D,
1FA3E05C,
1FA4E05B,
1FA5E05A,
1FA6E059,
1FA7E058,
1FA8E057,
1FA9E056,
1FAAE055,
1FABE054,
1FACE053,
1FADE052,
1FAEE051,
1FAFE050,
1FB0E04F,
1FB1E04E,
1FB2E04D,
1FB3E04C,
1FB4E04B,
1FB5E04A,
1FB6E049,
1FB7E048,
1FB8E047,
1FB9E046,
1FBAE045,
1FBBE044,
1FBCE043,
1FBDE042,
1FBEE041,
1FBFE040,
1FC0E03F,
1FC1E03E,
1FC2E03D,
1FC3E03C,
1FC4E03B,
1FC5E03A,
1FC6E039,
1FC7E038,
1FC8E037,
1FC9E036,
1FCAE035,
1FCBE034,
1FCCE033,
1FCDE032,
1FCEE031,
1FCFE030,
1FD0E02F,
1FD1E02E,
1FD2E02D,
1FD3E02C,
1FD4E02B,
1FD5E02A,
1FD6E029,
1FD7E028,
1FD8E027,
1FD9E026,
1FDAE025,
1FDBE024,
1FDCE023,
1FDDE022,
1FDEE021,
1FDFE020,
1FE0E01F,
1FE1E01E,
1FE2E01D,
1FE3E01C,
1FE4E01B,
1FE5E01A,
1FE6E019,
1FE7E018,
1FE8E017,
1FE9E016,
1FEAE015,
1FEBE014,
1FECE013,
1FEDE012,
1FEEE011,
1FEFE010,
1FF0E00F,
1FF1E00E,
1FF2E00D,
1FF3E00C,
1FF4E00B,
1FF5E00A,
1FF6E009,
1FF7E008,
1FF8E007,
1FF9E006,
1FFAE005,
1FFBE004,
1FFCE003,
1FFDE002,
1FFEE001,
1FFFE000,
2000DFFF,
2001DFFE,
2002DFFD,
2003DFFC,
2004DFFB,
2005DFFA,
2006DFF9,
2007DFF8,
2008DFF7,
2009DFF6,
200ADFF5,
200BDFF4,
200CDFF3,
200DDFF2,
200EDFF1,
200FDFF0,
2010DFEF,
2011DFEE,
2012DFED,
2013DFEC,
2014DFEB,
2015DFEA,
2016DFE9,
2017DFE8,
2018DFE7,
2019DFE6,
201ADFE5,
201BDFE4,
201CDFE3,
201DDFE2,
201EDFE1,
201FDFE0,
2020DFDF,
2021DFDE,
2022DFDD,
2023DFDC,
2024DFDB,
2025DFDA,
2026DFD9,
2027DFD8,
2028DFD7,
2029DFD6,
202ADFD5,
202BDFD4,
202CDFD3,
202DDFD2,
202EDFD1,
202FDFD0,
2030DFCF,
2031DFCE,
2032DFCD,
2033DFCC,
2034DFCB,
2035DFCA,
2036DFC9,
2037DFC8,
2038DFC7,
2039DFC6,
203ADFC5,
203BDFC4,
203CDFC3,
203DDFC2,
203EDFC1,
203FDFC0,
2040DFBF,
2041DFBE,
2042DFBD,
2043DFBC,
2044DFBB,
2045DFBA,
2046DFB9,
2047DFB8,
2048DFB7,
2049DFB6,
204ADFB5,
204BDFB4,
204CDFB3,
204DDFB2,
204EDFB1,
204FDFB0,
2050DFAF,
2051DFAE,
2052DFAD,
2053DFAC,
2054DFAB,
2055DFAA,
2056DFA9,
2057DFA8,
2058DFA7,
2059DFA6,
205ADFA5,
205BDFA4,
205CDFA3,
205DDFA2,
205EDFA1,
205FDFA0,
2060DF9F,
2061DF9E,
2062DF9D,
2063DF9C,
2064DF9B,
2065DF9A,
2066DF99,
2067DF98,
2068DF97,
2069DF96,
206ADF95,
206BDF94,
206CDF93,
206DDF92,
206EDF91,
206FDF90,
2070DF8F,
2071DF8E,
2072DF8D,
2073DF8C,
2074DF8B,
2075DF8A,
2076DF89,
2077DF88,
2078DF87,
2079DF86,
207ADF85,
207BDF84,
207CDF83,
207DDF82,
207EDF81,
207FDF80,
2080DF7F,
2081DF7E,
2082DF7D,
2083DF7C,
2084DF7B,
2085DF7A,
2086DF79,
2087DF78,
2088DF77,
2089DF76,
208ADF75,
208BDF74,
208CDF73,
208DDF72,
208EDF71,
208FDF70,
2090DF6F,
2091DF6E,
2092DF6D,
2093DF6C,
2094DF6B,
2095DF6A,
2096DF69,
2097DF68,
2098DF67,
2099DF66,
209ADF65,
209BDF64,
209CDF63,
209DDF62,
209EDF61,
209FDF60,
20A0DF5F,
20A1DF5E,
20A2DF5D,
20A3DF5C,
20A4DF5B,
20A5DF5A,
20A6DF59,
20A7DF58,
20A8DF57,
20A9DF56,
20AADF55,
20ABDF54,
20ACDF53,
20ADDF52,
20AEDF51,
20AFDF50,
20B0DF4F,
20B1DF4E,
20B2DF4D,
20B3DF4C,
20B4DF4B,
20B5DF4A,
20B6DF49,
20B7DF48,
20B8DF47,
20B9DF46,
20BADF45,
20BBDF44,
20BCDF43,
20BDDF42,
20BEDF41,
20BFDF40,
20C0DF3F,
20C1DF3E,
20C2DF3D,
20C3DF3C,
20C4DF3B,
20C5DF3A,
20C6DF39,
20C7DF38,
20C8DF37,
20C9DF36,
20CADF35,
20CBDF34,
20CCDF33,
20CDDF32,
20CEDF31,
20CFDF30,
20D0DF2F,
20D1DF2E,
20D2DF2D,
20D3DF2C,
20D4DF2B,
20D5DF2A,
20D6DF29,
20D7DF28,
20D8DF27,
20D9DF26,
20DADF25,
20DBDF24,
20DCDF23,
20DDDF22,
20DEDF21,
20DFDF20,
20E0DF1F,
20E1DF1E,
20E2DF1D,
20E3DF1C,
20E4DF1B,
20E5DF1A,
20E6DF19,
20E7DF18,
20E8DF17,
20E9DF16,
20EADF15,
20EBDF14,
20ECDF13,
20EDDF12,
20EEDF11,
20EFDF10,
20F0DF0F,
20F1DF0E,
20F2DF0D,
20F3DF0C,
20F4DF0B,
20F5DF0A,
20F6DF09,
20F7DF08,
20F8DF07,
20F9DF06,
20FADF05,
20FBDF04,
20FCDF03,
20FDDF02,
20FEDF01,
20FFDF00,
2100DEFF,
2101DEFE,
2102DEFD,
2103DEFC,
2104DEFB,
2105DEFA,
2106DEF9,
2107DEF8,
2108DEF7,
2109DEF6,
210ADEF5,
210BDEF4,
210CDEF3,
210DDEF2,
210EDEF1,
210FDEF0,
2110DEEF,
2111DEEE,
2112DEED,
2113DEEC,
2114DEEB,
2115DEEA,
2116DEE9,
2117DEE8,
2118DEE7,
2119DEE6,
211ADEE5,
211BDEE4,
211CDEE3,
211DDEE2,
211EDEE1,
211FDEE0,
2120DEDF,
2121DEDE,
2122DEDD,
2123DEDC,
2124DEDB,
2125DEDA,
2126DED9,
2127DED8,
2128DED7,
2129DED6,
212ADED5,
212BDED4,
212CDED3,
212DDED2,
212EDED1,
212FDED0,
2130DECF,
2131DECE,
2132DECD,
2133DECC,
2134DECB,
2135DECA,
2136DEC9,
2137DEC8,
2138DEC7,
2139DEC6,
213ADEC5,
213BDEC4,
213CDEC3,
213DDEC2,
213EDEC1,
213FDEC0,
2140DEBF,
2141DEBE,
2142DEBD,
2143DEBC,
2144DEBB,
2145DEBA,
2146DEB9,
2147DEB8,
2148DEB7,
2149DEB6,
214ADEB5,
214BDEB4,
214CDEB3,
214DDEB2,
214EDEB1,
214FDEB0,
2150DEAF,
2151DEAE,
2152DEAD,
2153DEAC,
2154DEAB,
2155DEAA,
2156DEA9,
2157DEA8,
2158DEA7,
2159DEA6,
215ADEA5,
215BDEA4,
215CDEA3,
215DDEA2,
215EDEA1,
215FDEA0,
2160DE9F,
2161DE9E,
2162DE9D,
2163DE9C,
2164DE9B,
2165DE9A,
2166DE99,
2167DE98,
2168DE97,
2169DE96,
216ADE95,
216BDE94,
216CDE93,
216DDE92,
216EDE91,
216FDE90,
2170DE8F,
2171DE8E,
2172DE8D,
2173DE8C,
2174DE8B,
2175DE8A,
2176DE89,
2177DE88,
2178DE87,
2179DE86,
217ADE85,
217BDE84,
217CDE83,
217DDE82,
217EDE81,
217FDE80,
2180DE7F,
2181DE7E,
2182DE7D,
2183DE7C,
2184DE7B,
2185DE7A,
2186DE79,
2187DE78,
2188DE77,
2189DE76,
218ADE75,
218BDE74,
218CDE73,
218DDE72,
218EDE71,
218FDE70,
2190DE6F,
2191DE6E,
2192DE6D,
2193DE6C,
2194DE6B,
2195DE6A,
2196DE69,
2197DE68,
2198DE67,
2199DE66,
219ADE65,
219BDE64,
219CDE63,
219DDE62,
219EDE61,
219FDE60,
21A0DE5F,
21A1DE5E,
21A2DE5D,
21A3DE5C,
21A4DE5B,
21A5DE5A,
21A6DE59,
21A7DE58,
21A8DE57,
21A9DE56,
21AADE55,
21ABDE54,
21ACDE53,
21ADDE52,
21AEDE51,
21AFDE50,
21B0DE4F,
21B1DE4E,
21B2DE4D,
21B3DE4C,
21B4DE4B,
21B5DE4A,
21B6DE49,
21B7DE48,
21B8DE47,
21B9DE46,
21BADE45,
21BBDE44,
21BCDE43,
21BDDE42,
21BEDE41,
21BFDE40,
21C0DE3F,
21C1DE3E,
21C2DE3D,
21C3DE3C,
21C4DE3B,
21C5DE3A,
21C6DE39,
21C7DE38,
21C8DE37,
21C9DE36,
21CADE35,
21CBDE34,
21CCDE33,
21CDDE32,
21CEDE31,
21CFDE30,
21D0DE2F,
21D1DE2E,
21D2DE2D,
21D3DE2C,
21D4DE2B,
21D5DE2A,
21D6DE29,
21D7DE28,
21D8DE27,
21D9DE26,
21DADE25,
21DBDE24,
21DCDE23,
21DDDE22,
21DEDE21,
21DFDE20,
21E0DE1F,
21E1DE1E,
21E2DE1D,
21E3DE1C,
21E4DE1B,
21E5DE1A,
21E6DE19,
21E7DE18,
21E8DE17,
21E9DE16,
21EADE15,
21EBDE14,
21ECDE13,
21EDDE12,
21EEDE11,
21EFDE10,
21F0DE0F,
21F1DE0E,
21F2DE0D,
21F3DE0C,
21F4DE0B,
21F5DE0A,
21F6DE09,
21F7DE08,
21F8DE07,
21F9DE06,
21FADE05,
21FBDE04,
21FCDE03,
21FDDE02,
21FEDE01,
21FFDE00,
2200DDFF,
2201DDFE,
2202DDFD,
2203DDFC,
2204DDFB,
2205DDFA,
2206DDF9,
2207DDF8,
2208DDF7,
2209DDF6,
220ADDF5,
220BDDF4,
220CDDF3,
220DDDF2,
220EDDF1,
220FDDF0,
2210DDEF,
2211DDEE,
2212DDED,
2213DDEC,
2214DDEB,
2215DDEA,
2216DDE9,
2217DDE8,
2218DDE7,
2219DDE6,
221ADDE5,
221BDDE4,
221CDDE3,
221DDDE2,
221EDDE1,
221FDDE0,
2220DDDF,
2221DDDE,
2222DDDD,
2223DDDC,
2224DDDB,
2225DDDA,
2226DDD9,
2227DDD8,
2228DDD7,
2229DDD6,
222ADDD5,
222BDDD4,
222CDDD3,
222DDDD2,
222EDDD1,
222FDDD0,
2230DDCF,
2231DDCE,
2232DDCD,
2233DDCC,
2234DDCB,
2235DDCA,
2236DDC9,
2237DDC8,
2238DDC7,
2239DDC6,
223ADDC5,
223BDDC4,
223CDDC3,
223DDDC2,
223EDDC1,
223FDDC0,
2240DDBF,
2241DDBE,
2242DDBD,
2243DDBC,
2244DDBB,
2245DDBA,
2246DDB9,
2247DDB8,
2248DDB7,
2249DDB6,
224ADDB5,
224BDDB4,
224CDDB3,
224DDDB2,
224EDDB1,
224FDDB0,
2250DDAF,
2251DDAE,
2252DDAD,
2253DDAC,
2254DDAB,
2255DDAA,
2256DDA9,
2257DDA8,
2258DDA7,
2259DDA6,
225ADDA5,
225BDDA4,
225CDDA3,
225DDDA2,
225EDDA1,
225FDDA0,
2260DD9F,
2261DD9E,
2262DD9D,
2263DD9C,
2264DD9B,
2265DD9A,
2266DD99,
2267DD98,
2268DD97,
2269DD96,
226ADD95,
226BDD94,
226CDD93,
226DDD92,
226EDD91,
226FDD90,
2270DD8F,
2271DD8E,
2272DD8D,
2273DD8C,
2274DD8B,
2275DD8A,
2276DD89,
2277DD88,
2278DD87,
2279DD86,
227ADD85,
227BDD84,
227CDD83,
227DDD82,
227EDD81,
227FDD80,
2280DD7F,
2281DD7E,
2282DD7D,
2283DD7C,
2284DD7B,
2285DD7A,
2286DD79,
2287DD78,
2288DD77,
2289DD76,
228ADD75,
228BDD74,
228CDD73,
228DDD72,
228EDD71,
228FDD70,
2290DD6F,
2291DD6E,
2292DD6D,
2293DD6C,
2294DD6B,
2295DD6A,
2296DD69,
2297DD68,
2298DD67,
2299DD66,
229ADD65,
229BDD64,
229CDD63,
229DDD62,
229EDD61,
229FDD60,
22A0DD5F,
22A1DD5E,
22A2DD5D,
22A3DD5C,
22A4DD5B,
22A5DD5A,
22A6DD59,
22A7DD58,
22A8DD57,
22A9DD56,
22AADD55,
22ABDD54,
22ACDD53,
22ADDD52,
22AEDD51,
22AFDD50,
22B0DD4F,
22B1DD4E,
22B2DD4D,
22B3DD4C,
22B4DD4B,
22B5DD4A,
22B6DD49,
22B7DD48,
22B8DD47,
22B9DD46,
22BADD45,
22BBDD44,
22BCDD43,
22BDDD42,
22BEDD41,
22BFDD40,
22C0DD3F,
22C1DD3E,
22C2DD3D,
22C3DD3C,
22C4DD3B,
22C5DD3A,
22C6DD39,
22C7DD38,
22C8DD37,
22C9DD36,
22CADD35,
22CBDD34,
22CCDD33,
22CDDD32,
22CEDD31,
22CFDD30,
22D0DD2F,
22D1DD2E,
22D2DD2D,
22D3DD2C,
22D4DD2B,
22D5DD2A,
22D6DD29,
22D7DD28,
22D8DD27,
22D9DD26,
22DADD25,
22DBDD24,
22DCDD23,
22DDDD22,
22DEDD21,
22DFDD20,
22E0DD1F,
22E1DD1E,
22E2DD1D,
22E3DD1C,
22E4DD1B,
22E5DD1A,
22E6DD19,
22E7DD18,
22E8DD17,
22E9DD16,
22EADD15,
22EBDD14,
22ECDD13,
22EDDD12,
22EEDD11,
22EFDD10,
22F0DD0F,
22F1DD0E,
22F2DD0D,
22F3DD0C,
22F4DD0B,
22F5DD0A,
22F6DD09,
22F7DD08,
22F8DD07,
22F9DD06,
22FADD05,
22FBDD04,
22FCDD03,
22FDDD02,
22FEDD01,
22FFDD00,
2300DCFF,
2301DCFE,
2302DCFD,
2303DCFC,
2304DCFB,
2305DCFA,
2306DCF9,
2307DCF8,
2308DCF7,
2309DCF6,
230ADCF5,
230BDCF4,
230CDCF3,
230DDCF2,
230EDCF1,
230FDCF0,
2310DCEF,
2311DCEE,
2312DCED,
2313DCEC,
2314DCEB,
2315DCEA,
2316DCE9,
2317DCE8,
2318DCE7,
2319DCE6,
231ADCE5,
231BDCE4,
231CDCE3,
231DDCE2,
231EDCE1,
231FDCE0,
2320DCDF,
2321DCDE,
2322DCDD,
2323DCDC,
2324DCDB,
2325DCDA,
2326DCD9,
2327DCD8,
2328DCD7,
2329DCD6,
232ADCD5,
232BDCD4,
232CDCD3,
232DDCD2,
232EDCD1,
232FDCD0,
2330DCCF,
2331DCCE,
2332DCCD,
2333DCCC,
2334DCCB,
2335DCCA,
2336DCC9,
2337DCC8,
2338DCC7,
2339DCC6,
233ADCC5,
233BDCC4,
233CDCC3,
233DDCC2,
233EDCC1,
233FDCC0,
2340DCBF,
2341DCBE,
2342DCBD,
2343DCBC,
2344DCBB,
2345DCBA,
2346DCB9,
2347DCB8,
2348DCB7,
2349DCB6,
234ADCB5,
234BDCB4,
234CDCB3,
234DDCB2,
234EDCB1,
234FDCB0,
2350DCAF,
2351DCAE,
2352DCAD,
2353DCAC,
2354DCAB,
2355DCAA,
2356DCA9,
2357DCA8,
2358DCA7,
2359DCA6,
235ADCA5,
235BDCA4,
235CDCA3,
235DDCA2,
235EDCA1,
235FDCA0,
2360DC9F,
2361DC9E,
2362DC9D,
2363DC9C,
2364DC9B,
2365DC9A,
2366DC99,
2367DC98,
2368DC97,
2369DC96,
236ADC95,
236BDC94,
236CDC93,
236DDC92,
236EDC91,
236FDC90,
2370DC8F,
2371DC8E,
2372DC8D,
2373DC8C,
2374DC8B,
2375DC8A,
2376DC89,
2377DC88,
2378DC87,
2379DC86,
237ADC85,
237BDC84,
237CDC83,
237DDC82,
237EDC81,
237FDC80,
2380DC7F,
2381DC7E,
2382DC7D,
2383DC7C,
2384DC7B,
2385DC7A,
2386DC79,
2387DC78,
2388DC77,
2389DC76,
238ADC75,
238BDC74,
238CDC73,
238DDC72,
238EDC71,
238FDC70,
2390DC6F,
2391DC6E,
2392DC6D,
2393DC6C,
2394DC6B,
2395DC6A,
2396DC69,
2397DC68,
2398DC67,
2399DC66,
239ADC65,
239BDC64,
239CDC63,
239DDC62,
239EDC61,
239FDC60,
23A0DC5F,
23A1DC5E,
23A2DC5D,
23A3DC5C,
23A4DC5B,
23A5DC5A,
23A6DC59,
23A7DC58,
23A8DC57,
23A9DC56,
23AADC55,
23ABDC54,
23ACDC53,
23ADDC52,
23AEDC51,
23AFDC50,
23B0DC4F,
23B1DC4E,
23B2DC4D,
23B3DC4C,
23B4DC4B,
23B5DC4A,
23B6DC49,
23B7DC48,
23B8DC47,
23B9DC46,
23BADC45,
23BBDC44,
23BCDC43,
23BDDC42,
23BEDC41,
23BFDC40,
23C0DC3F,
23C1DC3E,
23C2DC3D,
23C3DC3C,
23C4DC3B,
23C5DC3A,
23C6DC39,
23C7DC38,
23C8DC37,
23C9DC36,
23CADC35,
23CBDC34,
23CCDC33,
23CDDC32,
23CEDC31,
23CFDC30,
23D0DC2F,
23D1DC2E,
23D2DC2D,
23D3DC2C,
23D4DC2B,
23D5DC2A,
23D6DC29,
23D7DC28,
23D8DC27,
23D9DC26,
23DADC25,
23DBDC24,
23DCDC23,
23DDDC22,
23DEDC21,
23DFDC20,
23E0DC1F,
23E1DC1E,
23E2DC1D,
23E3DC1C,
23E4DC1B,
23E5DC1A,
23E6DC19,
23E7DC18,
23E8DC17,
23E9DC16,
23EADC15,
23EBDC14,
23ECDC13,
23EDDC12,
23EEDC11,
23EFDC10,
23F0DC0F,
23F1DC0E,
23F2DC0D,
23F3DC0C,
23F4DC0B,
23F5DC0A,
23F6DC09,
23F7DC08,
23F8DC07,
23F9DC06,
23FADC05,
23FBDC04,
23FCDC03,
23FDDC02,
23FEDC01,
23FFDC00,
2400DBFF,
2401DBFE,
2402DBFD,
2403DBFC,
2404DBFB,
2405DBFA,
2406DBF9,
2407DBF8,
2408DBF7,
2409DBF6,
240ADBF5,
240BDBF4,
240CDBF3,
240DDBF2,
240EDBF1,
240FDBF0,
2410DBEF,
2411DBEE,
2412DBED,
2413DBEC,
2414DBEB,
2415DBEA,
2416DBE9,
2417DBE8,
2418DBE7,
2419DBE6,
241ADBE5,
241BDBE4,
241CDBE3,
241DDBE2,
241EDBE1,
241FDBE0,
2420DBDF,
2421DBDE,
2422DBDD,
2423DBDC,
2424DBDB,
2425DBDA,
2426DBD9,
2427DBD8,
2428DBD7,
2429DBD6,
242ADBD5,
242BDBD4,
242CDBD3,
242DDBD2,
242EDBD1,
242FDBD0,
2430DBCF,
2431DBCE,
2432DBCD,
2433DBCC,
2434DBCB,
2435DBCA,
2436DBC9,
2437DBC8,
2438DBC7,
2439DBC6,
243ADBC5,
243BDBC4,
243CDBC3,
243DDBC2,
243EDBC1,
243FDBC0,
2440DBBF,
2441DBBE,
2442DBBD,
2443DBBC,
2444DBBB,
2445DBBA,
2446DBB9,
2447DBB8,
2448DBB7,
2449DBB6,
244ADBB5,
244BDBB4,
244CDBB3,
244DDBB2,
244EDBB1,
244FDBB0,
2450DBAF,
2451DBAE,
2452DBAD,
2453DBAC,
2454DBAB,
2455DBAA,
2456DBA9,
2457DBA8,
2458DBA7,
2459DBA6,
245ADBA5,
245BDBA4,
245CDBA3,
245DDBA2,
245EDBA1,
245FDBA0,
2460DB9F,
2461DB9E,
2462DB9D,
2463DB9C,
2464DB9B,
2465DB9A,
2466DB99,
2467DB98,
2468DB97,
2469DB96,
246ADB95,
246BDB94,
246CDB93,
246DDB92,
246EDB91,
246FDB90,
2470DB8F,
2471DB8E,
2472DB8D,
2473DB8C,
2474DB8B,
2475DB8A,
2476DB89,
2477DB88,
2478DB87,
2479DB86,
247ADB85,
247BDB84,
247CDB83,
247DDB82,
247EDB81,
247FDB80,
2480DB7F,
2481DB7E,
2482DB7D,
2483DB7C,
2484DB7B,
2485DB7A,
2486DB79,
2487DB78,
2488DB77,
2489DB76,
248ADB75,
248BDB74,
248CDB73,
248DDB72,
248EDB71,
248FDB70,
2490DB6F,
2491DB6E,
2492DB6D,
2493DB6C,
2494DB6B,
2495DB6A,
2496DB69,
2497DB68,
2498DB67,
2499DB66,
249ADB65,
249BDB64,
249CDB63,
249DDB62,
249EDB61,
249FDB60,
24A0DB5F,
24A1DB5E,
24A2DB5D,
24A3DB5C,
24A4DB5B,
24A5DB5A,
24A6DB59,
24A7DB58,
24A8DB57,
24A9DB56,
24AADB55,
24ABDB54,
24ACDB53,
24ADDB52,
24AEDB51,
24AFDB50,
24B0DB4F,
24B1DB4E,
24B2DB4D,
24B3DB4C,
24B4DB4B,
24B5DB4A,
24B6DB49,
24B7DB48,
24B8DB47,
24B9DB46,
24BADB45,
24BBDB44,
24BCDB43,
24BDDB42,
24BEDB41,
24BFDB40,
24C0DB3F,
24C1DB3E,
24C2DB3D,
24C3DB3C,
24C4DB3B,
24C5DB3A,
24C6DB39,
24C7DB38,
24C8DB37,
24C9DB36,
24CADB35,
24CBDB34,
24CCDB33,
24CDDB32,
24CEDB31,
24CFDB30,
24D0DB2F,
24D1DB2E,
24D2DB2D,
24D3DB2C,
24D4DB2B,
24D5DB2A,
24D6DB29,
24D7DB28,
24D8DB27,
24D9DB26,
24DADB25,
24DBDB24,
24DCDB23,
24DDDB22,
24DEDB21,
24DFDB20,
24E0DB1F,
24E1DB1E,
24E2DB1D,
24E3DB1C,
24E4DB1B,
24E5DB1A,
24E6DB19,
24E7DB18,
24E8DB17,
24E9DB16,
24EADB15,
24EBDB14,
24ECDB13,
24EDDB12,
24EEDB11,
24EFDB10,
24F0DB0F,
24F1DB0E,
24F2DB0D,
24F3DB0C,
24F4DB0B,
24F5DB0A,
24F6DB09,
24F7DB08,
24F8DB07,
24F9DB06,
24FADB05,
24FBDB04,
24FCDB03,
24FDDB02,
24FEDB01,
24FFDB00,
2500DAFF,
2501DAFE,
2502DAFD,
2503DAFC,
2504DAFB,
2505DAFA,
2506DAF9,
2507DAF8,
2508DAF7,
2509DAF6,
250ADAF5,
250BDAF4,
250CDAF3,
250DDAF2,
250EDAF1,
250FDAF0,
2510DAEF,
2511DAEE,
2512DAED,
2513DAEC,
2514DAEB,
2515DAEA,
2516DAE9,
2517DAE8,
2518DAE7,
2519DAE6,
251ADAE5,
251BDAE4,
251CDAE3,
251DDAE2,
251EDAE1,
251FDAE0,
2520DADF,
2521DADE,
2522DADD,
2523DADC,
2524DADB,
2525DADA,
2526DAD9,
2527DAD8,
2528DAD7,
2529DAD6,
252ADAD5,
252BDAD4,
252CDAD3,
252DDAD2,
252EDAD1,
252FDAD0,
2530DACF,
2531DACE,
2532DACD,
2533DACC,
2534DACB,
2535DACA,
2536DAC9,
2537DAC8,
2538DAC7,
2539DAC6,
253ADAC5,
253BDAC4,
253CDAC3,
253DDAC2,
253EDAC1,
253FDAC0,
2540DABF,
2541DABE,
2542DABD,
2543DABC,
2544DABB,
2545DABA,
2546DAB9,
2547DAB8,
2548DAB7,
2549DAB6,
254ADAB5,
254BDAB4,
254CDAB3,
254DDAB2,
254EDAB1,
254FDAB0,
2550DAAF,
2551DAAE,
2552DAAD,
2553DAAC,
2554DAAB,
2555DAAA,
2556DAA9,
2557DAA8,
2558DAA7,
2559DAA6,
255ADAA5,
255BDAA4,
255CDAA3,
255DDAA2,
255EDAA1,
255FDAA0,
2560DA9F,
2561DA9E,
2562DA9D,
2563DA9C,
2564DA9B,
2565DA9A,
2566DA99,
2567DA98,
2568DA97,
2569DA96,
256ADA95,
256BDA94,
256CDA93,
256DDA92,
256EDA91,
256FDA90,
2570DA8F,
2571DA8E,
2572DA8D,
2573DA8C,
2574DA8B,
2575DA8A,
2576DA89,
2577DA88,
2578DA87,
2579DA86,
257ADA85,
257BDA84,
257CDA83,
257DDA82,
257EDA81,
257FDA80,
2580DA7F,
2581DA7E,
2582DA7D,
2583DA7C,
2584DA7B,
2585DA7A,
2586DA79,
2587DA78,
2588DA77,
2589DA76,
258ADA75,
258BDA74,
258CDA73,
258DDA72,
258EDA71,
258FDA70,
2590DA6F,
2591DA6E,
2592DA6D,
2593DA6C,
2594DA6B,
2595DA6A,
2596DA69,
2597DA68,
2598DA67,
2599DA66,
259ADA65,
259BDA64,
259CDA63,
259DDA62,
259EDA61,
259FDA60,
25A0DA5F,
25A1DA5E,
25A2DA5D,
25A3DA5C,
25A4DA5B,
25A5DA5A,
25A6DA59,
25A7DA58,
25A8DA57,
25A9DA56,
25AADA55,
25ABDA54,
25ACDA53,
25ADDA52,
25AEDA51,
25AFDA50,
25B0DA4F,
25B1DA4E,
25B2DA4D,
25B3DA4C,
25B4DA4B,
25B5DA4A,
25B6DA49,
25B7DA48,
25B8DA47,
25B9DA46,
25BADA45,
25BBDA44,
25BCDA43,
25BDDA42,
25BEDA41,
25BFDA40,
25C0DA3F,
25C1DA3E,
25C2DA3D,
25C3DA3C,
25C4DA3B,
25C5DA3A,
25C6DA39,
25C7DA38,
25C8DA37,
25C9DA36,
25CADA35,
25CBDA34,
25CCDA33,
25CDDA32,
25CEDA31,
25CFDA30,
25D0DA2F,
25D1DA2E,
25D2DA2D,
25D3DA2C,
25D4DA2B,
25D5DA2A,
25D6DA29,
25D7DA28,
25D8DA27,
25D9DA26,
25DADA25,
25DBDA24,
25DCDA23,
25DDDA22,
25DEDA21,
25DFDA20,
25E0DA1F,
25E1DA1E,
25E2DA1D,
25E3DA1C,
25E4DA1B,
25E5DA1A,
25E6DA19,
25E7DA18,
25E8DA17,
25E9DA16,
25EADA15,
25EBDA14,
25ECDA13,
25EDDA12,
25EEDA11,
25EFDA10,
25F0DA0F,
25F1DA0E,
25F2DA0D,
25F3DA0C,
25F4DA0B,
25F5DA0A,
25F6DA09,
25F7DA08,
25F8DA07,
25F9DA06,
25FADA05,
25FBDA04,
25FCDA03,
25FDDA02,
25FEDA01,
25FFDA00,
2600D9FF,
2601D9FE,
2602D9FD,
2603D9FC,
2604D9FB,
2605D9FA,
2606D9F9,
2607D9F8,
2608D9F7,
2609D9F6,
260AD9F5,
260BD9F4,
260CD9F3,
260DD9F2,
260ED9F1,
260FD9F0,
2610D9EF,
2611D9EE,
2612D9ED,
2613D9EC,
2614D9EB,
2615D9EA,
2616D9E9,
2617D9E8,
2618D9E7,
2619D9E6,
261AD9E5,
261BD9E4,
261CD9E3,
261DD9E2,
261ED9E1,
261FD9E0,
2620D9DF,
2621D9DE,
2622D9DD,
2623D9DC,
2624D9DB,
2625D9DA,
2626D9D9,
2627D9D8,
2628D9D7,
2629D9D6,
262AD9D5,
262BD9D4,
262CD9D3,
262DD9D2,
262ED9D1,
262FD9D0,
2630D9CF,
2631D9CE,
2632D9CD,
2633D9CC,
2634D9CB,
2635D9CA,
2636D9C9,
2637D9C8,
2638D9C7,
2639D9C6,
263AD9C5,
263BD9C4,
263CD9C3,
263DD9C2,
263ED9C1,
263FD9C0,
2640D9BF,
2641D9BE,
2642D9BD,
2643D9BC,
2644D9BB,
2645D9BA,
2646D9B9,
2647D9B8,
2648D9B7,
2649D9B6,
264AD9B5,
264BD9B4,
264CD9B3,
264DD9B2,
264ED9B1,
264FD9B0,
2650D9AF,
2651D9AE,
2652D9AD,
2653D9AC,
2654D9AB,
2655D9AA,
2656D9A9,
2657D9A8,
2658D9A7,
2659D9A6,
265AD9A5,
265BD9A4,
265CD9A3,
265DD9A2,
265ED9A1,
265FD9A0,
2660D99F,
2661D99E,
2662D99D,
2663D99C,
2664D99B,
2665D99A,
2666D999,
2667D998,
2668D997,
2669D996,
266AD995,
266BD994,
266CD993,
266DD992,
266ED991,
266FD990,
2670D98F,
2671D98E,
2672D98D,
2673D98C,
2674D98B,
2675D98A,
2676D989,
2677D988,
2678D987,
2679D986,
267AD985,
267BD984,
267CD983,
267DD982,
267ED981,
267FD980,
2680D97F,
2681D97E,
2682D97D,
2683D97C,
2684D97B,
2685D97A,
2686D979,
2687D978,
2688D977,
2689D976,
268AD975,
268BD974,
268CD973,
268DD972,
268ED971,
268FD970,
2690D96F,
2691D96E,
2692D96D,
2693D96C,
2694D96B,
2695D96A,
2696D969,
2697D968,
2698D967,
2699D966,
269AD965,
269BD964,
269CD963,
269DD962,
269ED961,
269FD960,
26A0D95F,
26A1D95E,
26A2D95D,
26A3D95C,
26A4D95B,
26A5D95A,
26A6D959,
26A7D958,
26A8D957,
26A9D956,
26AAD955,
26ABD954,
26ACD953,
26ADD952,
26AED951,
26AFD950,
26B0D94F,
26B1D94E,
26B2D94D,
26B3D94C,
26B4D94B,
26B5D94A,
26B6D949,
26B7D948,
26B8D947,
26B9D946,
26BAD945,
26BBD944,
26BCD943,
26BDD942,
26BED941,
26BFD940,
26C0D93F,
26C1D93E,
26C2D93D,
26C3D93C,
26C4D93B,
26C5D93A,
26C6D939,
26C7D938,
26C8D937,
26C9D936,
26CAD935,
26CBD934,
26CCD933,
26CDD932,
26CED931,
26CFD930,
26D0D92F,
26D1D92E,
26D2D92D,
26D3D92C,
26D4D92B,
26D5D92A,
26D6D929,
26D7D928,
26D8D927,
26D9D926,
26DAD925,
26DBD924,
26DCD923,
26DDD922,
26DED921,
26DFD920,
26E0D91F,
26E1D91E,
26E2D91D,
26E3D91C,
26E4D91B,
26E5D91A,
26E6D919,
26E7D918,
26E8D917,
26E9D916,
26EAD915,
26EBD914,
26ECD913,
26EDD912,
26EED911,
26EFD910,
26F0D90F,
26F1D90E,
26F2D90D,
26F3D90C,
26F4D90B,
26F5D90A,
26F6D909,
26F7D908,
26F8D907,
26F9D906,
26FAD905,
26FBD904,
26FCD903,
26FDD902,
26FED901,
26FFD900,
2700D8FF,
2701D8FE,
2702D8FD,
2703D8FC,
2704D8FB,
2705D8FA,
2706D8F9,
2707D8F8,
2708D8F7,
2709D8F6,
270AD8F5,
270BD8F4,
270CD8F3,
270DD8F2,
270ED8F1,
270FD8F0,
2710D8EF,
2711D8EE,
2712D8ED,
2713D8EC,
2714D8EB,
2715D8EA,
2716D8E9,
2717D8E8,
2718D8E7,
2719D8E6,
271AD8E5,
271BD8E4,
271CD8E3,
271DD8E2,
271ED8E1,
271FD8E0,
2720D8DF,
2721D8DE,
2722D8DD,
2723D8DC,
2724D8DB,
2725D8DA,
2726D8D9,
2727D8D8,
2728D8D7,
2729D8D6,
272AD8D5,
272BD8D4,
272CD8D3,
272DD8D2,
272ED8D1,
272FD8D0,
2730D8CF,
2731D8CE,
2732D8CD,
2733D8CC,
2734D8CB,
2735D8CA,
2736D8C9,
2737D8C8,
2738D8C7,
2739D8C6,
273AD8C5,
273BD8C4,
273CD8C3,
273DD8C2,
273ED8C1,
273FD8C0,
2740D8BF,
2741D8BE,
2742D8BD,
2743D8BC,
2744D8BB,
2745D8BA,
2746D8B9,
2747D8B8,
2748D8B7,
2749D8B6,
274AD8B5,
274BD8B4,
274CD8B3,
274DD8B2,
274ED8B1,
274FD8B0,
2750D8AF,
2751D8AE,
2752D8AD,
2753D8AC,
2754D8AB,
2755D8AA,
2756D8A9,
2757D8A8,
2758D8A7,
2759D8A6,
275AD8A5,
275BD8A4,
275CD8A3,
275DD8A2,
275ED8A1,
275FD8A0,
2760D89F,
2761D89E,
2762D89D,
2763D89C,
2764D89B,
2765D89A,
2766D899,
2767D898,
2768D897,
2769D896,
276AD895,
276BD894,
276CD893,
276DD892,
276ED891,
276FD890,
2770D88F,
2771D88E,
2772D88D,
2773D88C,
2774D88B,
2775D88A,
2776D889,
2777D888,
2778D887,
2779D886,
277AD885,
277BD884,
277CD883,
277DD882,
277ED881,
277FD880,
2780D87F,
2781D87E,
2782D87D,
2783D87C,
2784D87B,
2785D87A,
2786D879,
2787D878,
2788D877,
2789D876,
278AD875,
278BD874,
278CD873,
278DD872,
278ED871,
278FD870,
2790D86F,
2791D86E,
2792D86D,
2793D86C,
2794D86B,
2795D86A,
2796D869,
2797D868,
2798D867,
2799D866,
279AD865,
279BD864,
279CD863,
279DD862,
279ED861,
279FD860,
27A0D85F,
27A1D85E,
27A2D85D,
27A3D85C,
27A4D85B,
27A5D85A,
27A6D859,
27A7D858,
27A8D857,
27A9D856,
27AAD855,
27ABD854,
27ACD853,
27ADD852,
27AED851,
27AFD850,
27B0D84F,
27B1D84E,
27B2D84D,
27B3D84C,
27B4D84B,
27B5D84A,
27B6D849,
27B7D848,
27B8D847,
27B9D846,
27BAD845,
27BBD844,
27BCD843,
27BDD842,
27BED841,
27BFD840,
27C0D83F,
27C1D83E,
27C2D83D,
27C3D83C,
27C4D83B,
27C5D83A,
27C6D839,
27C7D838,
27C8D837,
27C9D836,
27CAD835,
27CBD834,
27CCD833,
27CDD832,
27CED831,
27CFD830,
27D0D82F,
27D1D82E,
27D2D82D,
27D3D82C,
27D4D82B,
27D5D82A,
27D6D829,
27D7D828,
27D8D827,
27D9D826,
27DAD825,
27DBD824,
27DCD823,
27DDD822,
27DED821,
27DFD820,
27E0D81F,
27E1D81E,
27E2D81D,
27E3D81C,
27E4D81B,
27E5D81A,
27E6D819,
27E7D818,
27E8D817,
27E9D816,
27EAD815,
27EBD814,
27ECD813,
27EDD812,
27EED811,
27EFD810,
27F0D80F,
27F1D80E,
27F2D80D,
27F3D80C,
27F4D80B,
27F5D80A,
27F6D809,
27F7D808,
27F8D807,
27F9D806,
27FAD805,
27FBD804,
27FCD803,
27FDD802,
27FED801,
27FFD800,
2800D7FF,
2801D7FE,
2802D7FD,
2803D7FC,
2804D7FB,
2805D7FA,
2806D7F9,
2807D7F8,
2808D7F7,
2809D7F6,
280AD7F5,
280BD7F4,
280CD7F3,
280DD7F2,
280ED7F1,
280FD7F0,
2810D7EF,
2811D7EE,
2812D7ED,
2813D7EC,
2814D7EB,
2815D7EA,
2816D7E9,
2817D7E8,
2818D7E7,
2819D7E6,
281AD7E5,
281BD7E4,
281CD7E3,
281DD7E2,
281ED7E1,
281FD7E0,
2820D7DF,
2821D7DE,
2822D7DD,
2823D7DC,
2824D7DB,
2825D7DA,
2826D7D9,
2827D7D8,
2828D7D7,
2829D7D6,
282AD7D5,
282BD7D4,
282CD7D3,
282DD7D2,
282ED7D1,
282FD7D0,
2830D7CF,
2831D7CE,
2832D7CD,
2833D7CC,
2834D7CB,
2835D7CA,
2836D7C9,
2837D7C8,
2838D7C7,
2839D7C6,
283AD7C5,
283BD7C4,
283CD7C3,
283DD7C2,
283ED7C1,
283FD7C0,
2840D7BF,
2841D7BE,
2842D7BD,
2843D7BC,
2844D7BB,
2845D7BA,
2846D7B9,
2847D7B8,
2848D7B7,
2849D7B6,
284AD7B5,
284BD7B4,
284CD7B3,
284DD7B2,
284ED7B1,
284FD7B0,
2850D7AF,
2851D7AE,
2852D7AD,
2853D7AC,
2854D7AB,
2855D7AA,
2856D7A9,
2857D7A8,
2858D7A7,
2859D7A6,
285AD7A5,
285BD7A4,
285CD7A3,
285DD7A2,
285ED7A1,
285FD7A0,
2860D79F,
2861D79E,
2862D79D,
2863D79C,
2864D79B,
2865D79A,
2866D799,
2867D798,
2868D797,
2869D796,
286AD795,
286BD794,
286CD793,
286DD792,
286ED791,
286FD790,
2870D78F,
2871D78E,
2872D78D,
2873D78C,
2874D78B,
2875D78A,
2876D789,
2877D788,
2878D787,
2879D786,
287AD785,
287BD784,
287CD783,
287DD782,
287ED781,
287FD780,
2880D77F,
2881D77E,
2882D77D,
2883D77C,
2884D77B,
2885D77A,
2886D779,
2887D778,
2888D777,
2889D776,
288AD775,
288BD774,
288CD773,
288DD772,
288ED771,
288FD770,
2890D76F,
2891D76E,
2892D76D,
2893D76C,
2894D76B,
2895D76A,
2896D769,
2897D768,
2898D767,
2899D766,
289AD765,
289BD764,
289CD763,
289DD762,
289ED761,
289FD760,
28A0D75F,
28A1D75E,
28A2D75D,
28A3D75C,
28A4D75B,
28A5D75A,
28A6D759,
28A7D758,
28A8D757,
28A9D756,
28AAD755,
28ABD754,
28ACD753,
28ADD752,
28AED751,
28AFD750,
28B0D74F,
28B1D74E,
28B2D74D,
28B3D74C,
28B4D74B,
28B5D74A,
28B6D749,
28B7D748,
28B8D747,
28B9D746,
28BAD745,
28BBD744,
28BCD743,
28BDD742,
28BED741,
28BFD740,
28C0D73F,
28C1D73E,
28C2D73D,
28C3D73C,
28C4D73B,
28C5D73A,
28C6D739,
28C7D738,
28C8D737,
28C9D736,
28CAD735,
28CBD734,
28CCD733,
28CDD732,
28CED731,
28CFD730,
28D0D72F,
28D1D72E,
28D2D72D,
28D3D72C,
28D4D72B,
28D5D72A,
28D6D729,
28D7D728,
28D8D727,
28D9D726,
28DAD725,
28DBD724,
28DCD723,
28DDD722,
28DED721,
28DFD720,
28E0D71F,
28E1D71E,
28E2D71D,
28E3D71C,
28E4D71B,
28E5D71A,
28E6D719,
28E7D718,
28E8D717,
28E9D716,
28EAD715,
28EBD714,
28ECD713,
28EDD712,
28EED711,
28EFD710,
28F0D70F,
28F1D70E,
28F2D70D,
28F3D70C,
28F4D70B,
28F5D70A,
28F6D709,
28F7D708,
28F8D707,
28F9D706,
28FAD705,
28FBD704,
28FCD703,
28FDD702,
28FED701,
28FFD700,
2900D6FF,
2901D6FE,
2902D6FD,
2903D6FC,
2904D6FB,
2905D6FA,
2906D6F9,
2907D6F8,
2908D6F7,
2909D6F6,
290AD6F5,
290BD6F4,
290CD6F3,
290DD6F2,
290ED6F1,
290FD6F0,
2910D6EF,
2911D6EE,
2912D6ED,
2913D6EC,
2914D6EB,
2915D6EA,
2916D6E9,
2917D6E8,
2918D6E7,
2919D6E6,
291AD6E5,
291BD6E4,
291CD6E3,
291DD6E2,
291ED6E1,
291FD6E0,
2920D6DF,
2921D6DE,
2922D6DD,
2923D6DC,
2924D6DB,
2925D6DA,
2926D6D9,
2927D6D8,
2928D6D7,
2929D6D6,
292AD6D5,
292BD6D4,
292CD6D3,
292DD6D2,
292ED6D1,
292FD6D0,
2930D6CF,
2931D6CE,
2932D6CD,
2933D6CC,
2934D6CB,
2935D6CA,
2936D6C9,
2937D6C8,
2938D6C7,
2939D6C6,
293AD6C5,
293BD6C4,
293CD6C3,
293DD6C2,
293ED6C1,
293FD6C0,
2940D6BF,
2941D6BE,
2942D6BD,
2943D6BC,
2944D6BB,
2945D6BA,
2946D6B9,
2947D6B8,
2948D6B7,
2949D6B6,
294AD6B5,
294BD6B4,
294CD6B3,
294DD6B2,
294ED6B1,
294FD6B0,
2950D6AF,
2951D6AE,
2952D6AD,
2953D6AC,
2954D6AB,
2955D6AA,
2956D6A9,
2957D6A8,
2958D6A7,
2959D6A6,
295AD6A5,
295BD6A4,
295CD6A3,
295DD6A2,
295ED6A1,
295FD6A0,
2960D69F,
2961D69E,
2962D69D,
2963D69C,
2964D69B,
2965D69A,
2966D699,
2967D698,
2968D697,
2969D696,
296AD695,
296BD694,
296CD693,
296DD692,
296ED691,
296FD690,
2970D68F,
2971D68E,
2972D68D,
2973D68C,
2974D68B,
2975D68A,
2976D689,
2977D688,
2978D687,
2979D686,
297AD685,
297BD684,
297CD683,
297DD682,
297ED681,
297FD680,
2980D67F,
2981D67E,
2982D67D,
2983D67C,
2984D67B,
2985D67A,
2986D679,
2987D678,
2988D677,
2989D676,
298AD675,
298BD674,
298CD673,
298DD672,
298ED671,
298FD670,
2990D66F,
2991D66E,
2992D66D,
2993D66C,
2994D66B,
2995D66A,
2996D669,
2997D668,
2998D667,
2999D666,
299AD665,
299BD664,
299CD663,
299DD662,
299ED661,
299FD660,
29A0D65F,
29A1D65E,
29A2D65D,
29A3D65C,
29A4D65B,
29A5D65A,
29A6D659,
29A7D658,
29A8D657,
29A9D656,
29AAD655,
29ABD654,
29ACD653,
29ADD652,
29AED651,
29AFD650,
29B0D64F,
29B1D64E,
29B2D64D,
29B3D64C,
29B4D64B,
29B5D64A,
29B6D649,
29B7D648,
29B8D647,
29B9D646,
29BAD645,
29BBD644,
29BCD643,
29BDD642,
29BED641,
29BFD640,
29C0D63F,
29C1D63E,
29C2D63D,
29C3D63C,
29C4D63B,
29C5D63A,
29C6D639,
29C7D638,
29C8D637,
29C9D636,
29CAD635,
29CBD634,
29CCD633,
29CDD632,
29CED631,
29CFD630,
29D0D62F,
29D1D62E,
29D2D62D,
29D3D62C,
29D4D62B,
29D5D62A,
29D6D629,
29D7D628,
29D8D627,
29D9D626,
29DAD625,
29DBD624,
29DCD623,
29DDD622,
29DED621,
29DFD620,
29E0D61F,
29E1D61E,
29E2D61D,
29E3D61C,
29E4D61B,
29E5D61A,
29E6D619,
29E7D618,
29E8D617,
29E9D616,
29EAD615,
29EBD614,
29ECD613,
29EDD612,
29EED611,
29EFD610,
29F0D60F,
29F1D60E,
29F2D60D,
29F3D60C,
29F4D60B,
29F5D60A,
29F6D609,
29F7D608,
29F8D607,
29F9D606,
29FAD605,
29FBD604,
29FCD603,
29FDD602,
29FED601,
29FFD600,
2A00D5FF,
2A01D5FE,
2A02D5FD,
2A03D5FC,
2A04D5FB,
2A05D5FA,
2A06D5F9,
2A07D5F8,
2A08D5F7,
2A09D5F6,
2A0AD5F5,
2A0BD5F4,
2A0CD5F3,
2A0DD5F2,
2A0ED5F1,
2A0FD5F0,
2A10D5EF,
2A11D5EE,
2A12D5ED,
2A13D5EC,
2A14D5EB,
2A15D5EA,
2A16D5E9,
2A17D5E8,
2A18D5E7,
2A19D5E6,
2A1AD5E5,
2A1BD5E4,
2A1CD5E3,
2A1DD5E2,
2A1ED5E1,
2A1FD5E0,
2A20D5DF,
2A21D5DE,
2A22D5DD,
2A23D5DC,
2A24D5DB,
2A25D5DA,
2A26D5D9,
2A27D5D8,
2A28D5D7,
2A29D5D6,
2A2AD5D5,
2A2BD5D4,
2A2CD5D3,
2A2DD5D2,
2A2ED5D1,
2A2FD5D0,
2A30D5CF,
2A31D5CE,
2A32D5CD,
2A33D5CC,
2A34D5CB,
2A35D5CA,
2A36D5C9,
2A37D5C8,
2A38D5C7,
2A39D5C6,
2A3AD5C5,
2A3BD5C4,
2A3CD5C3,
2A3DD5C2,
2A3ED5C1,
2A3FD5C0,
2A40D5BF,
2A41D5BE,
2A42D5BD,
2A43D5BC,
2A44D5BB,
2A45D5BA,
2A46D5B9,
2A47D5B8,
2A48D5B7,
2A49D5B6,
2A4AD5B5,
2A4BD5B4,
2A4CD5B3,
2A4DD5B2,
2A4ED5B1,
2A4FD5B0,
2A50D5AF,
2A51D5AE,
2A52D5AD,
2A53D5AC,
2A54D5AB,
2A55D5AA,
2A56D5A9,
2A57D5A8,
2A58D5A7,
2A59D5A6,
2A5AD5A5,
2A5BD5A4,
2A5CD5A3,
2A5DD5A2,
2A5ED5A1,
2A5FD5A0,
2A60D59F,
2A61D59E,
2A62D59D,
2A63D59C,
2A64D59B,
2A65D59A,
2A66D599,
2A67D598,
2A68D597,
2A69D596,
2A6AD595,
2A6BD594,
2A6CD593,
2A6DD592,
2A6ED591,
2A6FD590,
2A70D58F,
2A71D58E,
2A72D58D,
2A73D58C,
2A74D58B,
2A75D58A,
2A76D589,
2A77D588,
2A78D587,
2A79D586,
2A7AD585,
2A7BD584,
2A7CD583,
2A7DD582,
2A7ED581,
2A7FD580,
2A80D57F,
2A81D57E,
2A82D57D,
2A83D57C,
2A84D57B,
2A85D57A,
2A86D579,
2A87D578,
2A88D577,
2A89D576,
2A8AD575,
2A8BD574,
2A8CD573,
2A8DD572,
2A8ED571,
2A8FD570,
2A90D56F,
2A91D56E,
2A92D56D,
2A93D56C,
2A94D56B,
2A95D56A,
2A96D569,
2A97D568,
2A98D567,
2A99D566,
2A9AD565,
2A9BD564,
2A9CD563,
2A9DD562,
2A9ED561,
2A9FD560,
2AA0D55F,
2AA1D55E,
2AA2D55D,
2AA3D55C,
2AA4D55B,
2AA5D55A,
2AA6D559,
2AA7D558,
2AA8D557,
2AA9D556,
2AAAD555,
2AABD554,
2AACD553,
2AADD552,
2AAED551,
2AAFD550,
2AB0D54F,
2AB1D54E,
2AB2D54D,
2AB3D54C,
2AB4D54B,
2AB5D54A,
2AB6D549,
2AB7D548,
2AB8D547,
2AB9D546,
2ABAD545,
2ABBD544,
2ABCD543,
2ABDD542,
2ABED541,
2ABFD540,
2AC0D53F,
2AC1D53E,
2AC2D53D,
2AC3D53C,
2AC4D53B,
2AC5D53A,
2AC6D539,
2AC7D538,
2AC8D537,
2AC9D536,
2ACAD535,
2ACBD534,
2ACCD533,
2ACDD532,
2ACED531,
2ACFD530,
2AD0D52F,
2AD1D52E,
2AD2D52D,
2AD3D52C,
2AD4D52B,
2AD5D52A,
2AD6D529,
2AD7D528,
2AD8D527,
2AD9D526,
2ADAD525,
2ADBD524,
2ADCD523,
2ADDD522,
2ADED521,
2ADFD520,
2AE0D51F,
2AE1D51E,
2AE2D51D,
2AE3D51C,
2AE4D51B,
2AE5D51A,
2AE6D519,
2AE7D518,
2AE8D517,
2AE9D516,
2AEAD515,
2AEBD514,
2AECD513,
2AEDD512,
2AEED511,
2AEFD510,
2AF0D50F,
2AF1D50E,
2AF2D50D,
2AF3D50C,
2AF4D50B,
2AF5D50A,
2AF6D509,
2AF7D508,
2AF8D507,
2AF9D506,
2AFAD505,
2AFBD504,
2AFCD503,
2AFDD502,
2AFED501,
2AFFD500,
2B00D4FF,
2B01D4FE,
2B02D4FD,
2B03D4FC,
2B04D4FB,
2B05D4FA,
2B06D4F9,
2B07D4F8,
2B08D4F7,
2B09D4F6,
2B0AD4F5,
2B0BD4F4,
2B0CD4F3,
2B0DD4F2,
2B0ED4F1,
2B0FD4F0,
2B10D4EF,
2B11D4EE,
2B12D4ED,
2B13D4EC,
2B14D4EB,
2B15D4EA,
2B16D4E9,
2B17D4E8,
2B18D4E7,
2B19D4E6,
2B1AD4E5,
2B1BD4E4,
2B1CD4E3,
2B1DD4E2,
2B1ED4E1,
2B1FD4E0,
2B20D4DF,
2B21D4DE,
2B22D4DD,
2B23D4DC,
2B24D4DB,
2B25D4DA,
2B26D4D9,
2B27D4D8,
2B28D4D7,
2B29D4D6,
2B2AD4D5,
2B2BD4D4,
2B2CD4D3,
2B2DD4D2,
2B2ED4D1,
2B2FD4D0,
2B30D4CF,
2B31D4CE,
2B32D4CD,
2B33D4CC,
2B34D4CB,
2B35D4CA,
2B36D4C9,
2B37D4C8,
2B38D4C7,
2B39D4C6,
2B3AD4C5,
2B3BD4C4,
2B3CD4C3,
2B3DD4C2,
2B3ED4C1,
2B3FD4C0,
2B40D4BF,
2B41D4BE,
2B42D4BD,
2B43D4BC,
2B44D4BB,
2B45D4BA,
2B46D4B9,
2B47D4B8,
2B48D4B7,
2B49D4B6,
2B4AD4B5,
2B4BD4B4,
2B4CD4B3,
2B4DD4B2,
2B4ED4B1,
2B4FD4B0,
2B50D4AF,
2B51D4AE,
2B52D4AD,
2B53D4AC,
2B54D4AB,
2B55D4AA,
2B56D4A9,
2B57D4A8,
2B58D4A7,
2B59D4A6,
2B5AD4A5,
2B5BD4A4,
2B5CD4A3,
2B5DD4A2,
2B5ED4A1,
2B5FD4A0,
2B60D49F,
2B61D49E,
2B62D49D,
2B63D49C,
2B64D49B,
2B65D49A,
2B66D499,
2B67D498,
2B68D497,
2B69D496,
2B6AD495,
2B6BD494,
2B6CD493,
2B6DD492,
2B6ED491,
2B6FD490,
2B70D48F,
2B71D48E,
2B72D48D,
2B73D48C,
2B74D48B,
2B75D48A,
2B76D489,
2B77D488,
2B78D487,
2B79D486,
2B7AD485,
2B7BD484,
2B7CD483,
2B7DD482,
2B7ED481,
2B7FD480,
2B80D47F,
2B81D47E,
2B82D47D,
2B83D47C,
2B84D47B,
2B85D47A,
2B86D479,
2B87D478,
2B88D477,
2B89D476,
2B8AD475,
2B8BD474,
2B8CD473,
2B8DD472,
2B8ED471,
2B8FD470,
2B90D46F,
2B91D46E,
2B92D46D,
2B93D46C,
2B94D46B,
2B95D46A,
2B96D469,
2B97D468,
2B98D467,
2B99D466,
2B9AD465,
2B9BD464,
2B9CD463,
2B9DD462,
2B9ED461,
2B9FD460,
2BA0D45F,
2BA1D45E,
2BA2D45D,
2BA3D45C,
2BA4D45B,
2BA5D45A,
2BA6D459,
2BA7D458,
2BA8D457,
2BA9D456,
2BAAD455,
2BABD454,
2BACD453,
2BADD452,
2BAED451,
2BAFD450,
2BB0D44F,
2BB1D44E,
2BB2D44D,
2BB3D44C,
2BB4D44B,
2BB5D44A,
2BB6D449,
2BB7D448,
2BB8D447,
2BB9D446,
2BBAD445,
2BBBD444,
2BBCD443,
2BBDD442,
2BBED441,
2BBFD440,
2BC0D43F,
2BC1D43E,
2BC2D43D,
2BC3D43C,
2BC4D43B,
2BC5D43A,
2BC6D439,
2BC7D438,
2BC8D437,
2BC9D436,
2BCAD435,
2BCBD434,
2BCCD433,
2BCDD432,
2BCED431,
2BCFD430,
2BD0D42F,
2BD1D42E,
2BD2D42D,
2BD3D42C,
2BD4D42B,
2BD5D42A,
2BD6D429,
2BD7D428,
2BD8D427,
2BD9D426,
2BDAD425,
2BDBD424,
2BDCD423,
2BDDD422,
2BDED421,
2BDFD420,
2BE0D41F,
2BE1D41E,
2BE2D41D,
2BE3D41C,
2BE4D41B,
2BE5D41A,
2BE6D419,
2BE7D418,
2BE8D417,
2BE9D416,
2BEAD415,
2BEBD414,
2BECD413,
2BEDD412,
2BEED411,
2BEFD410,
2BF0D40F,
2BF1D40E,
2BF2D40D,
2BF3D40C,
2BF4D40B,
2BF5D40A,
2BF6D409,
2BF7D408,
2BF8D407,
2BF9D406,
2BFAD405,
2BFBD404,
2BFCD403,
2BFDD402,
2BFED401,
2BFFD400,
2C00D3FF,
2C01D3FE,
2C02D3FD,
2C03D3FC,
2C04D3FB,
2C05D3FA,
2C06D3F9,
2C07D3F8,
2C08D3F7,
2C09D3F6,
2C0AD3F5,
2C0BD3F4,
2C0CD3F3,
2C0DD3F2,
2C0ED3F1,
2C0FD3F0,
2C10D3EF,
2C11D3EE,
2C12D3ED,
2C13D3EC,
2C14D3EB,
2C15D3EA,
2C16D3E9,
2C17D3E8,
2C18D3E7,
2C19D3E6,
2C1AD3E5,
2C1BD3E4,
2C1CD3E3,
2C1DD3E2,
2C1ED3E1,
2C1FD3E0,
2C20D3DF,
2C21D3DE,
2C22D3DD,
2C23D3DC,
2C24D3DB,
2C25D3DA,
2C26D3D9,
2C27D3D8,
2C28D3D7,
2C29D3D6,
2C2AD3D5,
2C2BD3D4,
2C2CD3D3,
2C2DD3D2,
2C2ED3D1,
2C2FD3D0,
2C30D3CF,
2C31D3CE,
2C32D3CD,
2C33D3CC,
2C34D3CB,
2C35D3CA,
2C36D3C9,
2C37D3C8,
2C38D3C7,
2C39D3C6,
2C3AD3C5,
2C3BD3C4,
2C3CD3C3,
2C3DD3C2,
2C3ED3C1,
2C3FD3C0,
2C40D3BF,
2C41D3BE,
2C42D3BD,
2C43D3BC,
2C44D3BB,
2C45D3BA,
2C46D3B9,
2C47D3B8,
2C48D3B7,
2C49D3B6,
2C4AD3B5,
2C4BD3B4,
2C4CD3B3,
2C4DD3B2,
2C4ED3B1,
2C4FD3B0,
2C50D3AF,
2C51D3AE,
2C52D3AD,
2C53D3AC,
2C54D3AB,
2C55D3AA,
2C56D3A9,
2C57D3A8,
2C58D3A7,
2C59D3A6,
2C5AD3A5,
2C5BD3A4,
2C5CD3A3,
2C5DD3A2,
2C5ED3A1,
2C5FD3A0,
2C60D39F,
2C61D39E,
2C62D39D,
2C63D39C,
2C64D39B,
2C65D39A,
2C66D399,
2C67D398,
2C68D397,
2C69D396,
2C6AD395,
2C6BD394,
2C6CD393,
2C6DD392,
2C6ED391,
2C6FD390,
2C70D38F,
2C71D38E,
2C72D38D,
2C73D38C,
2C74D38B,
2C75D38A,
2C76D389,
2C77D388,
2C78D387,
2C79D386,
2C7AD385,
2C7BD384,
2C7CD383,
2C7DD382,
2C7ED381,
2C7FD380,
2C80D37F,
2C81D37E,
2C82D37D,
2C83D37C,
2C84D37B,
2C85D37A,
2C86D379,
2C87D378,
2C88D377,
2C89D376,
2C8AD375,
2C8BD374,
2C8CD373,
2C8DD372,
2C8ED371,
2C8FD370,
2C90D36F,
2C91D36E,
2C92D36D,
2C93D36C,
2C94D36B,
2C95D36A,
2C96D369,
2C97D368,
2C98D367,
2C99D366,
2C9AD365,
2C9BD364,
2C9CD363,
2C9DD362,
2C9ED361,
2C9FD360,
2CA0D35F,
2CA1D35E,
2CA2D35D,
2CA3D35C,
2CA4D35B,
2CA5D35A,
2CA6D359,
2CA7D358,
2CA8D357,
2CA9D356,
2CAAD355,
2CABD354,
2CACD353,
2CADD352,
2CAED351,
2CAFD350,
2CB0D34F,
2CB1D34E,
2CB2D34D,
2CB3D34C,
2CB4D34B,
2CB5D34A,
2CB6D349,
2CB7D348,
2CB8D347,
2CB9D346,
2CBAD345,
2CBBD344,
2CBCD343,
2CBDD342,
2CBED341,
2CBFD340,
2CC0D33F,
2CC1D33E,
2CC2D33D,
2CC3D33C,
2CC4D33B,
2CC5D33A,
2CC6D339,
2CC7D338,
2CC8D337,
2CC9D336,
2CCAD335,
2CCBD334,
2CCCD333,
2CCDD332,
2CCED331,
2CCFD330,
2CD0D32F,
2CD1D32E,
2CD2D32D,
2CD3D32C,
2CD4D32B,
2CD5D32A,
2CD6D329,
2CD7D328,
2CD8D327,
2CD9D326,
2CDAD325,
2CDBD324,
2CDCD323,
2CDDD322,
2CDED321,
2CDFD320,
2CE0D31F,
2CE1D31E,
2CE2D31D,
2CE3D31C,
2CE4D31B,
2CE5D31A,
2CE6D319,
2CE7D318,
2CE8D317,
2CE9D316,
2CEAD315,
2CEBD314,
2CECD313,
2CEDD312,
2CEED311,
2CEFD310,
2CF0D30F,
2CF1D30E,
2CF2D30D,
2CF3D30C,
2CF4D30B,
2CF5D30A,
2CF6D309,
2CF7D308,
2CF8D307,
2CF9D306,
2CFAD305,
2CFBD304,
2CFCD303,
2CFDD302,
2CFED301,
2CFFD300,
2D00D2FF,
2D01D2FE,
2D02D2FD,
2D03D2FC,
2D04D2FB,
2D05D2FA,
2D06D2F9,
2D07D2F8,
2D08D2F7,
2D09D2F6,
2D0AD2F5,
2D0BD2F4,
2D0CD2F3,
2D0DD2F2,
2D0ED2F1,
2D0FD2F0,
2D10D2EF,
2D11D2EE,
2D12D2ED,
2D13D2EC,
2D14D2EB,
2D15D2EA,
2D16D2E9,
2D17D2E8,
2D18D2E7,
2D19D2E6,
2D1AD2E5,
2D1BD2E4,
2D1CD2E3,
2D1DD2E2,
2D1ED2E1,
2D1FD2E0,
2D20D2DF,
2D21D2DE,
2D22D2DD,
2D23D2DC,
2D24D2DB,
2D25D2DA,
2D26D2D9,
2D27D2D8,
2D28D2D7,
2D29D2D6,
2D2AD2D5,
2D2BD2D4,
2D2CD2D3,
2D2DD2D2,
2D2ED2D1,
2D2FD2D0,
2D30D2CF,
2D31D2CE,
2D32D2CD,
2D33D2CC,
2D34D2CB,
2D35D2CA,
2D36D2C9,
2D37D2C8,
2D38D2C7,
2D39D2C6,
2D3AD2C5,
2D3BD2C4,
2D3CD2C3,
2D3DD2C2,
2D3ED2C1,
2D3FD2C0,
2D40D2BF,
2D41D2BE,
2D42D2BD,
2D43D2BC,
2D44D2BB,
2D45D2BA,
2D46D2B9,
2D47D2B8,
2D48D2B7,
2D49D2B6,
2D4AD2B5,
2D4BD2B4,
2D4CD2B3,
2D4DD2B2,
2D4ED2B1,
2D4FD2B0,
2D50D2AF,
2D51D2AE,
2D52D2AD,
2D53D2AC,
2D54D2AB,
2D55D2AA,
2D56D2A9,
2D57D2A8,
2D58D2A7,
2D59D2A6,
2D5AD2A5,
2D5BD2A4,
2D5CD2A3,
2D5DD2A2,
2D5ED2A1,
2D5FD2A0,
2D60D29F,
2D61D29E,
2D62D29D,
2D63D29C,
2D64D29B,
2D65D29A,
2D66D299,
2D67D298,
2D68D297,
2D69D296,
2D6AD295,
2D6BD294,
2D6CD293,
2D6DD292,
2D6ED291,
2D6FD290,
2D70D28F,
2D71D28E,
2D72D28D,
2D73D28C,
2D74D28B,
2D75D28A,
2D76D289,
2D77D288,
2D78D287,
2D79D286,
2D7AD285,
2D7BD284,
2D7CD283,
2D7DD282,
2D7ED281,
2D7FD280,
2D80D27F,
2D81D27E,
2D82D27D,
2D83D27C,
2D84D27B,
2D85D27A,
2D86D279,
2D87D278,
2D88D277,
2D89D276,
2D8AD275,
2D8BD274,
2D8CD273,
2D8DD272,
2D8ED271,
2D8FD270,
2D90D26F,
2D91D26E,
2D92D26D,
2D93D26C,
2D94D26B,
2D95D26A,
2D96D269,
2D97D268,
2D98D267,
2D99D266,
2D9AD265,
2D9BD264,
2D9CD263,
2D9DD262,
2D9ED261,
2D9FD260,
2DA0D25F,
2DA1D25E,
2DA2D25D,
2DA3D25C,
2DA4D25B,
2DA5D25A,
2DA6D259,
2DA7D258,
2DA8D257,
2DA9D256,
2DAAD255,
2DABD254,
2DACD253,
2DADD252,
2DAED251,
2DAFD250,
2DB0D24F,
2DB1D24E,
2DB2D24D,
2DB3D24C,
2DB4D24B,
2DB5D24A,
2DB6D249,
2DB7D248,
2DB8D247,
2DB9D246,
2DBAD245,
2DBBD244,
2DBCD243,
2DBDD242,
2DBED241,
2DBFD240,
2DC0D23F,
2DC1D23E,
2DC2D23D,
2DC3D23C,
2DC4D23B,
2DC5D23A,
2DC6D239,
2DC7D238,
2DC8D237,
2DC9D236,
2DCAD235,
2DCBD234,
2DCCD233,
2DCDD232,
2DCED231,
2DCFD230,
2DD0D22F,
2DD1D22E,
2DD2D22D,
2DD3D22C,
2DD4D22B,
2DD5D22A,
2DD6D229,
2DD7D228,
2DD8D227,
2DD9D226,
2DDAD225,
2DDBD224,
2DDCD223,
2DDDD222,
2DDED221,
2DDFD220,
2DE0D21F,
2DE1D21E,
2DE2D21D,
2DE3D21C,
2DE4D21B,
2DE5D21A,
2DE6D219,
2DE7D218,
2DE8D217,
2DE9D216,
2DEAD215,
2DEBD214,
2DECD213,
2DEDD212,
2DEED211,
2DEFD210,
2DF0D20F,
2DF1D20E,
2DF2D20D,
2DF3D20C,
2DF4D20B,
2DF5D20A,
2DF6D209,
2DF7D208,
2DF8D207,
2DF9D206,
2DFAD205,
2DFBD204,
2DFCD203,
2DFDD202,
2DFED201,
2DFFD200,
2E00D1FF,
2E01D1FE,
2E02D1FD,
2E03D1FC,
2E04D1FB,
2E05D1FA,
2E06D1F9,
2E07D1F8,
2E08D1F7,
2E09D1F6,
2E0AD1F5,
2E0BD1F4,
2E0CD1F3,
2E0DD1F2,
2E0ED1F1,
2E0FD1F0,
2E10D1EF,
2E11D1EE,
2E12D1ED,
2E13D1EC,
2E14D1EB,
2E15D1EA,
2E16D1E9,
2E17D1E8,
2E18D1E7,
2E19D1E6,
2E1AD1E5,
2E1BD1E4,
2E1CD1E3,
2E1DD1E2,
2E1ED1E1,
2E1FD1E0,
2E20D1DF,
2E21D1DE,
2E22D1DD,
2E23D1DC,
2E24D1DB,
2E25D1DA,
2E26D1D9,
2E27D1D8,
2E28D1D7,
2E29D1D6,
2E2AD1D5,
2E2BD1D4,
2E2CD1D3,
2E2DD1D2,
2E2ED1D1,
2E2FD1D0,
2E30D1CF,
2E31D1CE,
2E32D1CD,
2E33D1CC,
2E34D1CB,
2E35D1CA,
2E36D1C9,
2E37D1C8,
2E38D1C7,
2E39D1C6,
2E3AD1C5,
2E3BD1C4,
2E3CD1C3,
2E3DD1C2,
2E3ED1C1,
2E3FD1C0,
2E40D1BF,
2E41D1BE,
2E42D1BD,
2E43D1BC,
2E44D1BB,
2E45D1BA,
2E46D1B9,
2E47D1B8,
2E48D1B7,
2E49D1B6,
2E4AD1B5,
2E4BD1B4,
2E4CD1B3,
2E4DD1B2,
2E4ED1B1,
2E4FD1B0,
2E50D1AF,
2E51D1AE,
2E52D1AD,
2E53D1AC,
2E54D1AB,
2E55D1AA,
2E56D1A9,
2E57D1A8,
2E58D1A7,
2E59D1A6,
2E5AD1A5,
2E5BD1A4,
2E5CD1A3,
2E5DD1A2,
2E5ED1A1,
2E5FD1A0,
2E60D19F,
2E61D19E,
2E62D19D,
2E63D19C,
2E64D19B,
2E65D19A,
2E66D199,
2E67D198,
2E68D197,
2E69D196,
2E6AD195,
2E6BD194,
2E6CD193,
2E6DD192,
2E6ED191,
2E6FD190,
2E70D18F,
2E71D18E,
2E72D18D,
2E73D18C,
2E74D18B,
2E75D18A,
2E76D189,
2E77D188,
2E78D187,
2E79D186,
2E7AD185,
2E7BD184,
2E7CD183,
2E7DD182,
2E7ED181,
2E7FD180,
2E80D17F,
2E81D17E,
2E82D17D,
2E83D17C,
2E84D17B,
2E85D17A,
2E86D179,
2E87D178,
2E88D177,
2E89D176,
2E8AD175,
2E8BD174,
2E8CD173,
2E8DD172,
2E8ED171,
2E8FD170,
2E90D16F,
2E91D16E,
2E92D16D,
2E93D16C,
2E94D16B,
2E95D16A,
2E96D169,
2E97D168,
2E98D167,
2E99D166,
2E9AD165,
2E9BD164,
2E9CD163,
2E9DD162,
2E9ED161,
2E9FD160,
2EA0D15F,
2EA1D15E,
2EA2D15D,
2EA3D15C,
2EA4D15B,
2EA5D15A,
2EA6D159,
2EA7D158,
2EA8D157,
2EA9D156,
2EAAD155,
2EABD154,
2EACD153,
2EADD152,
2EAED151,
2EAFD150,
2EB0D14F,
2EB1D14E,
2EB2D14D,
2EB3D14C,
2EB4D14B,
2EB5D14A,
2EB6D149,
2EB7D148,
2EB8D147,
2EB9D146,
2EBAD145,
2EBBD144,
2EBCD143,
2EBDD142,
2EBED141,
2EBFD140,
2EC0D13F,
2EC1D13E,
2EC2D13D,
2EC3D13C,
2EC4D13B,
2EC5D13A,
2EC6D139,
2EC7D138,
2EC8D137,
2EC9D136,
2ECAD135,
2ECBD134,
2ECCD133,
2ECDD132,
2ECED131,
2ECFD130,
2ED0D12F,
2ED1D12E,
2ED2D12D,
2ED3D12C,
2ED4D12B,
2ED5D12A,
2ED6D129,
2ED7D128,
2ED8D127,
2ED9D126,
2EDAD125,
2EDBD124,
2EDCD123,
2EDDD122,
2EDED121,
2EDFD120,
2EE0D11F,
2EE1D11E,
2EE2D11D,
2EE3D11C,
2EE4D11B,
2EE5D11A,
2EE6D119,
2EE7D118,
2EE8D117,
2EE9D116,
2EEAD115,
2EEBD114,
2EECD113,
2EEDD112,
2EEED111,
2EEFD110,
2EF0D10F,
2EF1D10E,
2EF2D10D,
2EF3D10C,
2EF4D10B,
2EF5D10A,
2EF6D109,
2EF7D108,
2EF8D107,
2EF9D106,
2EFAD105,
2EFBD104,
2EFCD103,
2EFDD102,
2EFED101,
2EFFD100,
2F00D0FF,
2F01D0FE,
2F02D0FD,
2F03D0FC,
2F04D0FB,
2F05D0FA,
2F06D0F9,
2F07D0F8,
2F08D0F7,
2F09D0F6,
2F0AD0F5,
2F0BD0F4,
2F0CD0F3,
2F0DD0F2,
2F0ED0F1,
2F0FD0F0,
2F10D0EF,
2F11D0EE,
2F12D0ED,
2F13D0EC,
2F14D0EB,
2F15D0EA,
2F16D0E9,
2F17D0E8,
2F18D0E7,
2F19D0E6,
2F1AD0E5,
2F1BD0E4,
2F1CD0E3,
2F1DD0E2,
2F1ED0E1,
2F1FD0E0,
2F20D0DF,
2F21D0DE,
2F22D0DD,
2F23D0DC,
2F24D0DB,
2F25D0DA,
2F26D0D9,
2F27D0D8,
2F28D0D7,
2F29D0D6,
2F2AD0D5,
2F2BD0D4,
2F2CD0D3,
2F2DD0D2,
2F2ED0D1,
2F2FD0D0,
2F30D0CF,
2F31D0CE,
2F32D0CD,
2F33D0CC,
2F34D0CB,
2F35D0CA,
2F36D0C9,
2F37D0C8,
2F38D0C7,
2F39D0C6,
2F3AD0C5,
2F3BD0C4,
2F3CD0C3,
2F3DD0C2,
2F3ED0C1,
2F3FD0C0,
2F40D0BF,
2F41D0BE,
2F42D0BD,
2F43D0BC,
2F44D0BB,
2F45D0BA,
2F46D0B9,
2F47D0B8,
2F48D0B7,
2F49D0B6,
2F4AD0B5,
2F4BD0B4,
2F4CD0B3,
2F4DD0B2,
2F4ED0B1,
2F4FD0B0,
2F50D0AF,
2F51D0AE,
2F52D0AD,
2F53D0AC,
2F54D0AB,
2F55D0AA,
2F56D0A9,
2F57D0A8,
2F58D0A7,
2F59D0A6,
2F5AD0A5,
2F5BD0A4,
2F5CD0A3,
2F5DD0A2,
2F5ED0A1,
2F5FD0A0,
2F60D09F,
2F61D09E,
2F62D09D,
2F63D09C,
2F64D09B,
2F65D09A,
2F66D099,
2F67D098,
2F68D097,
2F69D096,
2F6AD095,
2F6BD094,
2F6CD093,
2F6DD092,
2F6ED091,
2F6FD090,
2F70D08F,
2F71D08E,
2F72D08D,
2F73D08C,
2F74D08B,
2F75D08A,
2F76D089,
2F77D088,
2F78D087,
2F79D086,
2F7AD085,
2F7BD084,
2F7CD083,
2F7DD082,
2F7ED081,
2F7FD080,
2F80D07F,
2F81D07E,
2F82D07D,
2F83D07C,
2F84D07B,
2F85D07A,
2F86D079,
2F87D078,
2F88D077,
2F89D076,
2F8AD075,
2F8BD074,
2F8CD073,
2F8DD072,
2F8ED071,
2F8FD070,
2F90D06F,
2F91D06E,
2F92D06D,
2F93D06C,
2F94D06B,
2F95D06A,
2F96D069,
2F97D068,
2F98D067,
2F99D066,
2F9AD065,
2F9BD064,
2F9CD063,
2F9DD062,
2F9ED061,
2F9FD060,
2FA0D05F,
2FA1D05E,
2FA2D05D,
2FA3D05C,
2FA4D05B,
2FA5D05A,
2FA6D059,
2FA7D058,
2FA8D057,
2FA9D056,
2FAAD055,
2FABD054,
2FACD053,
2FADD052,
2FAED051,
2FAFD050,
2FB0D04F,
2FB1D04E,
2FB2D04D,
2FB3D04C,
2FB4D04B,
2FB5D04A,
2FB6D049,
2FB7D048,
2FB8D047,
2FB9D046,
2FBAD045,
2FBBD044,
2FBCD043,
2FBDD042,
2FBED041,
2FBFD040,
2FC0D03F,
2FC1D03E,
2FC2D03D,
2FC3D03C,
2FC4D03B,
2FC5D03A,
2FC6D039,
2FC7D038,
2FC8D037,
2FC9D036,
2FCAD035,
2FCBD034,
2FCCD033,
2FCDD032,
2FCED031,
2FCFD030,
2FD0D02F,
2FD1D02E,
2FD2D02D,
2FD3D02C,
2FD4D02B,
2FD5D02A,
2FD6D029,
2FD7D028,
2FD8D027,
2FD9D026,
2FDAD025,
2FDBD024,
2FDCD023,
2FDDD022,
2FDED021,
2FDFD020,
2FE0D01F,
2FE1D01E,
2FE2D01D,
2FE3D01C,
2FE4D01B,
2FE5D01A,
2FE6D019,
2FE7D018,
2FE8D017,
2FE9D016,
2FEAD015,
2FEBD014,
2FECD013,
2FEDD012,
2FEED011,
2FEFD010,
2FF0D00F,
2FF1D00E,
2FF2D00D,
2FF3D00C,
2FF4D00B,
2FF5D00A,
2FF6D009,
2FF7D008,
2FF8D007,
2FF9D006,
2FFAD005,
2FFBD004,
2FFCD003,
2FFDD002,
2FFED001,
2FFFD000,
3000CFFF,
3001CFFE,
3002CFFD,
3003CFFC,
3004CFFB,
3005CFFA,
3006CFF9,
3007CFF8,
3008CFF7,
3009CFF6,
300ACFF5,
300BCFF4,
300CCFF3,
300DCFF2,
300ECFF1,
300FCFF0,
3010CFEF,
3011CFEE,
3012CFED,
3013CFEC,
3014CFEB,
3015CFEA,
3016CFE9,
3017CFE8,
3018CFE7,
3019CFE6,
301ACFE5,
301BCFE4,
301CCFE3,
301DCFE2,
301ECFE1,
301FCFE0,
3020CFDF,
3021CFDE,
3022CFDD,
3023CFDC,
3024CFDB,
3025CFDA,
3026CFD9,
3027CFD8,
3028CFD7,
3029CFD6,
302ACFD5,
302BCFD4,
302CCFD3,
302DCFD2,
302ECFD1,
302FCFD0,
3030CFCF,
3031CFCE,
3032CFCD,
3033CFCC,
3034CFCB,
3035CFCA,
3036CFC9,
3037CFC8,
3038CFC7,
3039CFC6,
303ACFC5,
303BCFC4,
303CCFC3,
303DCFC2,
303ECFC1,
303FCFC0,
3040CFBF,
3041CFBE,
3042CFBD,
3043CFBC,
3044CFBB,
3045CFBA,
3046CFB9,
3047CFB8,
3048CFB7,
3049CFB6,
304ACFB5,
304BCFB4,
304CCFB3,
304DCFB2,
304ECFB1,
304FCFB0,
3050CFAF,
3051CFAE,
3052CFAD,
3053CFAC,
3054CFAB,
3055CFAA,
3056CFA9,
3057CFA8,
3058CFA7,
3059CFA6,
305ACFA5,
305BCFA4,
305CCFA3,
305DCFA2,
305ECFA1,
305FCFA0,
3060CF9F,
3061CF9E,
3062CF9D,
3063CF9C,
3064CF9B,
3065CF9A,
3066CF99,
3067CF98,
3068CF97,
3069CF96,
306ACF95,
306BCF94,
306CCF93,
306DCF92,
306ECF91,
306FCF90,
3070CF8F,
3071CF8E,
3072CF8D,
3073CF8C,
3074CF8B,
3075CF8A,
3076CF89,
3077CF88,
3078CF87,
3079CF86,
307ACF85,
307BCF84,
307CCF83,
307DCF82,
307ECF81,
307FCF80,
3080CF7F,
3081CF7E,
3082CF7D,
3083CF7C,
3084CF7B,
3085CF7A,
3086CF79,
3087CF78,
3088CF77,
3089CF76,
308ACF75,
308BCF74,
308CCF73,
308DCF72,
308ECF71,
308FCF70,
3090CF6F,
3091CF6E,
3092CF6D,
3093CF6C,
3094CF6B,
3095CF6A,
3096CF69,
3097CF68,
3098CF67,
3099CF66,
309ACF65,
309BCF64,
309CCF63,
309DCF62,
309ECF61,
309FCF60,
30A0CF5F,
30A1CF5E,
30A2CF5D,
30A3CF5C,
30A4CF5B,
30A5CF5A,
30A6CF59,
30A7CF58,
30A8CF57,
30A9CF56,
30AACF55,
30ABCF54,
30ACCF53,
30ADCF52,
30AECF51,
30AFCF50,
30B0CF4F,
30B1CF4E,
30B2CF4D,
30B3CF4C,
30B4CF4B,
30B5CF4A,
30B6CF49,
30B7CF48,
30B8CF47,
30B9CF46,
30BACF45,
30BBCF44,
30BCCF43,
30BDCF42,
30BECF41,
30BFCF40,
30C0CF3F,
30C1CF3E,
30C2CF3D,
30C3CF3C,
30C4CF3B,
30C5CF3A,
30C6CF39,
30C7CF38,
30C8CF37,
30C9CF36,
30CACF35,
30CBCF34,
30CCCF33,
30CDCF32,
30CECF31,
30CFCF30,
30D0CF2F,
30D1CF2E,
30D2CF2D,
30D3CF2C,
30D4CF2B,
30D5CF2A,
30D6CF29,
30D7CF28,
30D8CF27,
30D9CF26,
30DACF25,
30DBCF24,
30DCCF23,
30DDCF22,
30DECF21,
30DFCF20,
30E0CF1F,
30E1CF1E,
30E2CF1D,
30E3CF1C,
30E4CF1B,
30E5CF1A,
30E6CF19,
30E7CF18,
30E8CF17,
30E9CF16,
30EACF15,
30EBCF14,
30ECCF13,
30EDCF12,
30EECF11,
30EFCF10,
30F0CF0F,
30F1CF0E,
30F2CF0D,
30F3CF0C,
30F4CF0B,
30F5CF0A,
30F6CF09,
30F7CF08,
30F8CF07,
30F9CF06,
30FACF05,
30FBCF04,
30FCCF03,
30FDCF02,
30FECF01,
30FFCF00,
3100CEFF,
3101CEFE,
3102CEFD,
3103CEFC,
3104CEFB,
3105CEFA,
3106CEF9,
3107CEF8,
3108CEF7,
3109CEF6,
310ACEF5,
310BCEF4,
310CCEF3,
310DCEF2,
310ECEF1,
310FCEF0,
3110CEEF,
3111CEEE,
3112CEED,
3113CEEC,
3114CEEB,
3115CEEA,
3116CEE9,
3117CEE8,
3118CEE7,
3119CEE6,
311ACEE5,
311BCEE4,
311CCEE3,
311DCEE2,
311ECEE1,
311FCEE0,
3120CEDF,
3121CEDE,
3122CEDD,
3123CEDC,
3124CEDB,
3125CEDA,
3126CED9,
3127CED8,
3128CED7,
3129CED6,
312ACED5,
312BCED4,
312CCED3,
312DCED2,
312ECED1,
312FCED0,
3130CECF,
3131CECE,
3132CECD,
3133CECC,
3134CECB,
3135CECA,
3136CEC9,
3137CEC8,
3138CEC7,
3139CEC6,
313ACEC5,
313BCEC4,
313CCEC3,
313DCEC2,
313ECEC1,
313FCEC0,
3140CEBF,
3141CEBE,
3142CEBD,
3143CEBC,
3144CEBB,
3145CEBA,
3146CEB9,
3147CEB8,
3148CEB7,
3149CEB6,
314ACEB5,
314BCEB4,
314CCEB3,
314DCEB2,
314ECEB1,
314FCEB0,
3150CEAF,
3151CEAE,
3152CEAD,
3153CEAC,
3154CEAB,
3155CEAA,
3156CEA9,
3157CEA8,
3158CEA7,
3159CEA6,
315ACEA5,
315BCEA4,
315CCEA3,
315DCEA2,
315ECEA1,
315FCEA0,
3160CE9F,
3161CE9E,
3162CE9D,
3163CE9C,
3164CE9B,
3165CE9A,
3166CE99,
3167CE98,
3168CE97,
3169CE96,
316ACE95,
316BCE94,
316CCE93,
316DCE92,
316ECE91,
316FCE90,
3170CE8F,
3171CE8E,
3172CE8D,
3173CE8C,
3174CE8B,
3175CE8A,
3176CE89,
3177CE88,
3178CE87,
3179CE86,
317ACE85,
317BCE84,
317CCE83,
317DCE82,
317ECE81,
317FCE80,
3180CE7F,
3181CE7E,
3182CE7D,
3183CE7C,
3184CE7B,
3185CE7A,
3186CE79,
3187CE78,
3188CE77,
3189CE76,
318ACE75,
318BCE74,
318CCE73,
318DCE72,
318ECE71,
318FCE70,
3190CE6F,
3191CE6E,
3192CE6D,
3193CE6C,
3194CE6B,
3195CE6A,
3196CE69,
3197CE68,
3198CE67,
3199CE66,
319ACE65,
319BCE64,
319CCE63,
319DCE62,
319ECE61,
319FCE60,
31A0CE5F,
31A1CE5E,
31A2CE5D,
31A3CE5C,
31A4CE5B,
31A5CE5A,
31A6CE59,
31A7CE58,
31A8CE57,
31A9CE56,
31AACE55,
31ABCE54,
31ACCE53,
31ADCE52,
31AECE51,
31AFCE50,
31B0CE4F,
31B1CE4E,
31B2CE4D,
31B3CE4C,
31B4CE4B,
31B5CE4A,
31B6CE49,
31B7CE48,
31B8CE47,
31B9CE46,
31BACE45,
31BBCE44,
31BCCE43,
31BDCE42,
31BECE41,
31BFCE40,
31C0CE3F,
31C1CE3E,
31C2CE3D,
31C3CE3C,
31C4CE3B,
31C5CE3A,
31C6CE39,
31C7CE38,
31C8CE37,
31C9CE36,
31CACE35,
31CBCE34,
31CCCE33,
31CDCE32,
31CECE31,
31CFCE30,
31D0CE2F,
31D1CE2E,
31D2CE2D,
31D3CE2C,
31D4CE2B,
31D5CE2A,
31D6CE29,
31D7CE28,
31D8CE27,
31D9CE26,
31DACE25,
31DBCE24,
31DCCE23,
31DDCE22,
31DECE21,
31DFCE20,
31E0CE1F,
31E1CE1E,
31E2CE1D,
31E3CE1C,
31E4CE1B,
31E5CE1A,
31E6CE19,
31E7CE18,
31E8CE17,
31E9CE16,
31EACE15,
31EBCE14,
31ECCE13,
31EDCE12,
31EECE11,
31EFCE10,
31F0CE0F,
31F1CE0E,
31F2CE0D,
31F3CE0C,
31F4CE0B,
31F5CE0A,
31F6CE09,
31F7CE08,
31F8CE07,
31F9CE06,
31FACE05,
31FBCE04,
31FCCE03,
31FDCE02,
31FECE01,
31FFCE00,
3200CDFF,
3201CDFE,
3202CDFD,
3203CDFC,
3204CDFB,
3205CDFA,
3206CDF9,
3207CDF8,
3208CDF7,
3209CDF6,
320ACDF5,
320BCDF4,
320CCDF3,
320DCDF2,
320ECDF1,
320FCDF0,
3210CDEF,
3211CDEE,
3212CDED,
3213CDEC,
3214CDEB,
3215CDEA,
3216CDE9,
3217CDE8,
3218CDE7,
3219CDE6,
321ACDE5,
321BCDE4,
321CCDE3,
321DCDE2,
321ECDE1,
321FCDE0,
3220CDDF,
3221CDDE,
3222CDDD,
3223CDDC,
3224CDDB,
3225CDDA,
3226CDD9,
3227CDD8,
3228CDD7,
3229CDD6,
322ACDD5,
322BCDD4,
322CCDD3,
322DCDD2,
322ECDD1,
322FCDD0,
3230CDCF,
3231CDCE,
3232CDCD,
3233CDCC,
3234CDCB,
3235CDCA,
3236CDC9,
3237CDC8,
3238CDC7,
3239CDC6,
323ACDC5,
323BCDC4,
323CCDC3,
323DCDC2,
323ECDC1,
323FCDC0,
3240CDBF,
3241CDBE,
3242CDBD,
3243CDBC,
3244CDBB,
3245CDBA,
3246CDB9,
3247CDB8,
3248CDB7,
3249CDB6,
324ACDB5,
324BCDB4,
324CCDB3,
324DCDB2,
324ECDB1,
324FCDB0,
3250CDAF,
3251CDAE,
3252CDAD,
3253CDAC,
3254CDAB,
3255CDAA,
3256CDA9,
3257CDA8,
3258CDA7,
3259CDA6,
325ACDA5,
325BCDA4,
325CCDA3,
325DCDA2,
325ECDA1,
325FCDA0,
3260CD9F,
3261CD9E,
3262CD9D,
3263CD9C,
3264CD9B,
3265CD9A,
3266CD99,
3267CD98,
3268CD97,
3269CD96,
326ACD95,
326BCD94,
326CCD93,
326DCD92,
326ECD91,
326FCD90,
3270CD8F,
3271CD8E,
3272CD8D,
3273CD8C,
3274CD8B,
3275CD8A,
3276CD89,
3277CD88,
3278CD87,
3279CD86,
327ACD85,
327BCD84,
327CCD83,
327DCD82,
327ECD81,
327FCD80,
3280CD7F,
3281CD7E,
3282CD7D,
3283CD7C,
3284CD7B,
3285CD7A,
3286CD79,
3287CD78,
3288CD77,
3289CD76,
328ACD75,
328BCD74,
328CCD73,
328DCD72,
328ECD71,
328FCD70,
3290CD6F,
3291CD6E,
3292CD6D,
3293CD6C,
3294CD6B,
3295CD6A,
3296CD69,
3297CD68,
3298CD67,
3299CD66,
329ACD65,
329BCD64,
329CCD63,
329DCD62,
329ECD61,
329FCD60,
32A0CD5F,
32A1CD5E,
32A2CD5D,
32A3CD5C,
32A4CD5B,
32A5CD5A,
32A6CD59,
32A7CD58,
32A8CD57,
32A9CD56,
32AACD55,
32ABCD54,
32ACCD53,
32ADCD52,
32AECD51,
32AFCD50,
32B0CD4F,
32B1CD4E,
32B2CD4D,
32B3CD4C,
32B4CD4B,
32B5CD4A,
32B6CD49,
32B7CD48,
32B8CD47,
32B9CD46,
32BACD45,
32BBCD44,
32BCCD43,
32BDCD42,
32BECD41,
32BFCD40,
32C0CD3F,
32C1CD3E,
32C2CD3D,
32C3CD3C,
32C4CD3B,
32C5CD3A,
32C6CD39,
32C7CD38,
32C8CD37,
32C9CD36,
32CACD35,
32CBCD34,
32CCCD33,
32CDCD32,
32CECD31,
32CFCD30,
32D0CD2F,
32D1CD2E,
32D2CD2D,
32D3CD2C,
32D4CD2B,
32D5CD2A,
32D6CD29,
32D7CD28,
32D8CD27,
32D9CD26,
32DACD25,
32DBCD24,
32DCCD23,
32DDCD22,
32DECD21,
32DFCD20,
32E0CD1F,
32E1CD1E,
32E2CD1D,
32E3CD1C,
32E4CD1B,
32E5CD1A,
32E6CD19,
32E7CD18,
32E8CD17,
32E9CD16,
32EACD15,
32EBCD14,
32ECCD13,
32EDCD12,
32EECD11,
32EFCD10,
32F0CD0F,
32F1CD0E,
32F2CD0D,
32F3CD0C,
32F4CD0B,
32F5CD0A,
32F6CD09,
32F7CD08,
32F8CD07,
32F9CD06,
32FACD05,
32FBCD04,
32FCCD03,
32FDCD02,
32FECD01,
32FFCD00,
3300CCFF,
3301CCFE,
3302CCFD,
3303CCFC,
3304CCFB,
3305CCFA,
3306CCF9,
3307CCF8,
3308CCF7,
3309CCF6,
330ACCF5,
330BCCF4,
330CCCF3,
330DCCF2,
330ECCF1,
330FCCF0,
3310CCEF,
3311CCEE,
3312CCED,
3313CCEC,
3314CCEB,
3315CCEA,
3316CCE9,
3317CCE8,
3318CCE7,
3319CCE6,
331ACCE5,
331BCCE4,
331CCCE3,
331DCCE2,
331ECCE1,
331FCCE0,
3320CCDF,
3321CCDE,
3322CCDD,
3323CCDC,
3324CCDB,
3325CCDA,
3326CCD9,
3327CCD8,
3328CCD7,
3329CCD6,
332ACCD5,
332BCCD4,
332CCCD3,
332DCCD2,
332ECCD1,
332FCCD0,
3330CCCF,
3331CCCE,
3332CCCD,
3333CCCC,
3334CCCB,
3335CCCA,
3336CCC9,
3337CCC8,
3338CCC7,
3339CCC6,
333ACCC5,
333BCCC4,
333CCCC3,
333DCCC2,
333ECCC1,
333FCCC0,
3340CCBF,
3341CCBE,
3342CCBD,
3343CCBC,
3344CCBB,
3345CCBA,
3346CCB9,
3347CCB8,
3348CCB7,
3349CCB6,
334ACCB5,
334BCCB4,
334CCCB3,
334DCCB2,
334ECCB1,
334FCCB0,
3350CCAF,
3351CCAE,
3352CCAD,
3353CCAC,
3354CCAB,
3355CCAA,
3356CCA9,
3357CCA8,
3358CCA7,
3359CCA6,
335ACCA5,
335BCCA4,
335CCCA3,
335DCCA2,
335ECCA1,
335FCCA0,
3360CC9F,
3361CC9E,
3362CC9D,
3363CC9C,
3364CC9B,
3365CC9A,
3366CC99,
3367CC98,
3368CC97,
3369CC96,
336ACC95,
336BCC94,
336CCC93,
336DCC92,
336ECC91,
336FCC90,
3370CC8F,
3371CC8E,
3372CC8D,
3373CC8C,
3374CC8B,
3375CC8A,
3376CC89,
3377CC88,
3378CC87,
3379CC86,
337ACC85,
337BCC84,
337CCC83,
337DCC82,
337ECC81,
337FCC80,
3380CC7F,
3381CC7E,
3382CC7D,
3383CC7C,
3384CC7B,
3385CC7A,
3386CC79,
3387CC78,
3388CC77,
3389CC76,
338ACC75,
338BCC74,
338CCC73,
338DCC72,
338ECC71,
338FCC70,
3390CC6F,
3391CC6E,
3392CC6D,
3393CC6C,
3394CC6B,
3395CC6A,
3396CC69,
3397CC68,
3398CC67,
3399CC66,
339ACC65,
339BCC64,
339CCC63,
339DCC62,
339ECC61,
339FCC60,
33A0CC5F,
33A1CC5E,
33A2CC5D,
33A3CC5C,
33A4CC5B,
33A5CC5A,
33A6CC59,
33A7CC58,
33A8CC57,
33A9CC56,
33AACC55,
33ABCC54,
33ACCC53,
33ADCC52,
33AECC51,
33AFCC50,
33B0CC4F,
33B1CC4E,
33B2CC4D,
33B3CC4C,
33B4CC4B,
33B5CC4A,
33B6CC49,
33B7CC48,
33B8CC47,
33B9CC46,
33BACC45,
33BBCC44,
33BCCC43,
33BDCC42,
33BECC41,
33BFCC40,
33C0CC3F,
33C1CC3E,
33C2CC3D,
33C3CC3C,
33C4CC3B,
33C5CC3A,
33C6CC39,
33C7CC38,
33C8CC37,
33C9CC36,
33CACC35,
33CBCC34,
33CCCC33,
33CDCC32,
33CECC31,
33CFCC30,
33D0CC2F,
33D1CC2E,
33D2CC2D,
33D3CC2C,
33D4CC2B,
33D5CC2A,
33D6CC29,
33D7CC28,
33D8CC27,
33D9CC26,
33DACC25,
33DBCC24,
33DCCC23,
33DDCC22,
33DECC21,
33DFCC20,
33E0CC1F,
33E1CC1E,
33E2CC1D,
33E3CC1C,
33E4CC1B,
33E5CC1A,
33E6CC19,
33E7CC18,
33E8CC17,
33E9CC16,
33EACC15,
33EBCC14,
33ECCC13,
33EDCC12,
33EECC11,
33EFCC10,
33F0CC0F,
33F1CC0E,
33F2CC0D,
33F3CC0C,
33F4CC0B,
33F5CC0A,
33F6CC09,
33F7CC08,
33F8CC07,
33F9CC06,
33FACC05,
33FBCC04,
33FCCC03,
33FDCC02,
33FECC01,
33FFCC00,
3400CBFF,
3401CBFE,
3402CBFD,
3403CBFC,
3404CBFB,
3405CBFA,
3406CBF9,
3407CBF8,
3408CBF7,
3409CBF6,
340ACBF5,
340BCBF4,
340CCBF3,
340DCBF2,
340ECBF1,
340FCBF0,
3410CBEF,
3411CBEE,
3412CBED,
3413CBEC,
3414CBEB,
3415CBEA,
3416CBE9,
3417CBE8,
3418CBE7,
3419CBE6,
341ACBE5,
341BCBE4,
341CCBE3,
341DCBE2,
341ECBE1,
341FCBE0,
3420CBDF,
3421CBDE,
3422CBDD,
3423CBDC,
3424CBDB,
3425CBDA,
3426CBD9,
3427CBD8,
3428CBD7,
3429CBD6,
342ACBD5,
342BCBD4,
342CCBD3,
342DCBD2,
342ECBD1,
342FCBD0,
3430CBCF,
3431CBCE,
3432CBCD,
3433CBCC,
3434CBCB,
3435CBCA,
3436CBC9,
3437CBC8,
3438CBC7,
3439CBC6,
343ACBC5,
343BCBC4,
343CCBC3,
343DCBC2,
343ECBC1,
343FCBC0,
3440CBBF,
3441CBBE,
3442CBBD,
3443CBBC,
3444CBBB,
3445CBBA,
3446CBB9,
3447CBB8,
3448CBB7,
3449CBB6,
344ACBB5,
344BCBB4,
344CCBB3,
344DCBB2,
344ECBB1,
344FCBB0,
3450CBAF,
3451CBAE,
3452CBAD,
3453CBAC,
3454CBAB,
3455CBAA,
3456CBA9,
3457CBA8,
3458CBA7,
3459CBA6,
345ACBA5,
345BCBA4,
345CCBA3,
345DCBA2,
345ECBA1,
345FCBA0,
3460CB9F,
3461CB9E,
3462CB9D,
3463CB9C,
3464CB9B,
3465CB9A,
3466CB99,
3467CB98,
3468CB97,
3469CB96,
346ACB95,
346BCB94,
346CCB93,
346DCB92,
346ECB91,
346FCB90,
3470CB8F,
3471CB8E,
3472CB8D,
3473CB8C,
3474CB8B,
3475CB8A,
3476CB89,
3477CB88,
3478CB87,
3479CB86,
347ACB85,
347BCB84,
347CCB83,
347DCB82,
347ECB81,
347FCB80,
3480CB7F,
3481CB7E,
3482CB7D,
3483CB7C,
3484CB7B,
3485CB7A,
3486CB79,
3487CB78,
3488CB77,
3489CB76,
348ACB75,
348BCB74,
348CCB73,
348DCB72,
348ECB71,
348FCB70,
3490CB6F,
3491CB6E,
3492CB6D,
3493CB6C,
3494CB6B,
3495CB6A,
3496CB69,
3497CB68,
3498CB67,
3499CB66,
349ACB65,
349BCB64,
349CCB63,
349DCB62,
349ECB61,
349FCB60,
34A0CB5F,
34A1CB5E,
34A2CB5D,
34A3CB5C,
34A4CB5B,
34A5CB5A,
34A6CB59,
34A7CB58,
34A8CB57,
34A9CB56,
34AACB55,
34ABCB54,
34ACCB53,
34ADCB52,
34AECB51,
34AFCB50,
34B0CB4F,
34B1CB4E,
34B2CB4D,
34B3CB4C,
34B4CB4B,
34B5CB4A,
34B6CB49,
34B7CB48,
34B8CB47,
34B9CB46,
34BACB45,
34BBCB44,
34BCCB43,
34BDCB42,
34BECB41,
34BFCB40,
34C0CB3F,
34C1CB3E,
34C2CB3D,
34C3CB3C,
34C4CB3B,
34C5CB3A,
34C6CB39,
34C7CB38,
34C8CB37,
34C9CB36,
34CACB35,
34CBCB34,
34CCCB33,
34CDCB32,
34CECB31,
34CFCB30,
34D0CB2F,
34D1CB2E,
34D2CB2D,
34D3CB2C,
34D4CB2B,
34D5CB2A,
34D6CB29,
34D7CB28,
34D8CB27,
34D9CB26,
34DACB25,
34DBCB24,
34DCCB23,
34DDCB22,
34DECB21,
34DFCB20,
34E0CB1F,
34E1CB1E,
34E2CB1D,
34E3CB1C,
34E4CB1B,
34E5CB1A,
34E6CB19,
34E7CB18,
34E8CB17,
34E9CB16,
34EACB15,
34EBCB14,
34ECCB13,
34EDCB12,
34EECB11,
34EFCB10,
34F0CB0F,
34F1CB0E,
34F2CB0D,
34F3CB0C,
34F4CB0B,
34F5CB0A,
34F6CB09,
34F7CB08,
34F8CB07,
34F9CB06,
34FACB05,
34FBCB04,
34FCCB03,
34FDCB02,
34FECB01,
34FFCB00,
3500CAFF,
3501CAFE,
3502CAFD,
3503CAFC,
3504CAFB,
3505CAFA,
3506CAF9,
3507CAF8,
3508CAF7,
3509CAF6,
350ACAF5,
350BCAF4,
350CCAF3,
350DCAF2,
350ECAF1,
350FCAF0,
3510CAEF,
3511CAEE,
3512CAED,
3513CAEC,
3514CAEB,
3515CAEA,
3516CAE9,
3517CAE8,
3518CAE7,
3519CAE6,
351ACAE5,
351BCAE4,
351CCAE3,
351DCAE2,
351ECAE1,
351FCAE0,
3520CADF,
3521CADE,
3522CADD,
3523CADC,
3524CADB,
3525CADA,
3526CAD9,
3527CAD8,
3528CAD7,
3529CAD6,
352ACAD5,
352BCAD4,
352CCAD3,
352DCAD2,
352ECAD1,
352FCAD0,
3530CACF,
3531CACE,
3532CACD,
3533CACC,
3534CACB,
3535CACA,
3536CAC9,
3537CAC8,
3538CAC7,
3539CAC6,
353ACAC5,
353BCAC4,
353CCAC3,
353DCAC2,
353ECAC1,
353FCAC0,
3540CABF,
3541CABE,
3542CABD,
3543CABC,
3544CABB,
3545CABA,
3546CAB9,
3547CAB8,
3548CAB7,
3549CAB6,
354ACAB5,
354BCAB4,
354CCAB3,
354DCAB2,
354ECAB1,
354FCAB0,
3550CAAF,
3551CAAE,
3552CAAD,
3553CAAC,
3554CAAB,
3555CAAA,
3556CAA9,
3557CAA8,
3558CAA7,
3559CAA6,
355ACAA5,
355BCAA4,
355CCAA3,
355DCAA2,
355ECAA1,
355FCAA0,
3560CA9F,
3561CA9E,
3562CA9D,
3563CA9C,
3564CA9B,
3565CA9A,
3566CA99,
3567CA98,
3568CA97,
3569CA96,
356ACA95,
356BCA94,
356CCA93,
356DCA92,
356ECA91,
356FCA90,
3570CA8F,
3571CA8E,
3572CA8D,
3573CA8C,
3574CA8B,
3575CA8A,
3576CA89,
3577CA88,
3578CA87,
3579CA86,
357ACA85,
357BCA84,
357CCA83,
357DCA82,
357ECA81,
357FCA80,
3580CA7F,
3581CA7E,
3582CA7D,
3583CA7C,
3584CA7B,
3585CA7A,
3586CA79,
3587CA78,
3588CA77,
3589CA76,
358ACA75,
358BCA74,
358CCA73,
358DCA72,
358ECA71,
358FCA70,
3590CA6F,
3591CA6E,
3592CA6D,
3593CA6C,
3594CA6B,
3595CA6A,
3596CA69,
3597CA68,
3598CA67,
3599CA66,
359ACA65,
359BCA64,
359CCA63,
359DCA62,
359ECA61,
359FCA60,
35A0CA5F,
35A1CA5E,
35A2CA5D,
35A3CA5C,
35A4CA5B,
35A5CA5A,
35A6CA59,
35A7CA58,
35A8CA57,
35A9CA56,
35AACA55,
35ABCA54,
35ACCA53,
35ADCA52,
35AECA51,
35AFCA50,
35B0CA4F,
35B1CA4E,
35B2CA4D,
35B3CA4C,
35B4CA4B,
35B5CA4A,
35B6CA49,
35B7CA48,
35B8CA47,
35B9CA46,
35BACA45,
35BBCA44,
35BCCA43,
35BDCA42,
35BECA41,
35BFCA40,
35C0CA3F,
35C1CA3E,
35C2CA3D,
35C3CA3C,
35C4CA3B,
35C5CA3A,
35C6CA39,
35C7CA38,
35C8CA37,
35C9CA36,
35CACA35,
35CBCA34,
35CCCA33,
35CDCA32,
35CECA31,
35CFCA30,
35D0CA2F,
35D1CA2E,
35D2CA2D,
35D3CA2C,
35D4CA2B,
35D5CA2A,
35D6CA29,
35D7CA28,
35D8CA27,
35D9CA26,
35DACA25,
35DBCA24,
35DCCA23,
35DDCA22,
35DECA21,
35DFCA20,
35E0CA1F,
35E1CA1E,
35E2CA1D,
35E3CA1C,
35E4CA1B,
35E5CA1A,
35E6CA19,
35E7CA18,
35E8CA17,
35E9CA16,
35EACA15,
35EBCA14,
35ECCA13,
35EDCA12,
35EECA11,
35EFCA10,
35F0CA0F,
35F1CA0E,
35F2CA0D,
35F3CA0C,
35F4CA0B,
35F5CA0A,
35F6CA09,
35F7CA08,
35F8CA07,
35F9CA06,
35FACA05,
35FBCA04,
35FCCA03,
35FDCA02,
35FECA01,
35FFCA00,
3600C9FF,
3601C9FE,
3602C9FD,
3603C9FC,
3604C9FB,
3605C9FA,
3606C9F9,
3607C9F8,
3608C9F7,
3609C9F6,
360AC9F5,
360BC9F4,
360CC9F3,
360DC9F2,
360EC9F1,
360FC9F0,
3610C9EF,
3611C9EE,
3612C9ED,
3613C9EC,
3614C9EB,
3615C9EA,
3616C9E9,
3617C9E8,
3618C9E7,
3619C9E6,
361AC9E5,
361BC9E4,
361CC9E3,
361DC9E2,
361EC9E1,
361FC9E0,
3620C9DF,
3621C9DE,
3622C9DD,
3623C9DC,
3624C9DB,
3625C9DA,
3626C9D9,
3627C9D8,
3628C9D7,
3629C9D6,
362AC9D5,
362BC9D4,
362CC9D3,
362DC9D2,
362EC9D1,
362FC9D0,
3630C9CF,
3631C9CE,
3632C9CD,
3633C9CC,
3634C9CB,
3635C9CA,
3636C9C9,
3637C9C8,
3638C9C7,
3639C9C6,
363AC9C5,
363BC9C4,
363CC9C3,
363DC9C2,
363EC9C1,
363FC9C0,
3640C9BF,
3641C9BE,
3642C9BD,
3643C9BC,
3644C9BB,
3645C9BA,
3646C9B9,
3647C9B8,
3648C9B7,
3649C9B6,
364AC9B5,
364BC9B4,
364CC9B3,
364DC9B2,
364EC9B1,
364FC9B0,
3650C9AF,
3651C9AE,
3652C9AD,
3653C9AC,
3654C9AB,
3655C9AA,
3656C9A9,
3657C9A8,
3658C9A7,
3659C9A6,
365AC9A5,
365BC9A4,
365CC9A3,
365DC9A2,
365EC9A1,
365FC9A0,
3660C99F,
3661C99E,
3662C99D,
3663C99C,
3664C99B,
3665C99A,
3666C999,
3667C998,
3668C997,
3669C996,
366AC995,
366BC994,
366CC993,
366DC992,
366EC991,
366FC990,
3670C98F,
3671C98E,
3672C98D,
3673C98C,
3674C98B,
3675C98A,
3676C989,
3677C988,
3678C987,
3679C986,
367AC985,
367BC984,
367CC983,
367DC982,
367EC981,
367FC980,
3680C97F,
3681C97E,
3682C97D,
3683C97C,
3684C97B,
3685C97A,
3686C979,
3687C978,
3688C977,
3689C976,
368AC975,
368BC974,
368CC973,
368DC972,
368EC971,
368FC970,
3690C96F,
3691C96E,
3692C96D,
3693C96C,
3694C96B,
3695C96A,
3696C969,
3697C968,
3698C967,
3699C966,
369AC965,
369BC964,
369CC963,
369DC962,
369EC961,
369FC960,
36A0C95F,
36A1C95E,
36A2C95D,
36A3C95C,
36A4C95B,
36A5C95A,
36A6C959,
36A7C958,
36A8C957,
36A9C956,
36AAC955,
36ABC954,
36ACC953,
36ADC952,
36AEC951,
36AFC950,
36B0C94F,
36B1C94E,
36B2C94D,
36B3C94C,
36B4C94B,
36B5C94A,
36B6C949,
36B7C948,
36B8C947,
36B9C946,
36BAC945,
36BBC944,
36BCC943,
36BDC942,
36BEC941,
36BFC940,
36C0C93F,
36C1C93E,
36C2C93D,
36C3C93C,
36C4C93B,
36C5C93A,
36C6C939,
36C7C938,
36C8C937,
36C9C936,
36CAC935,
36CBC934,
36CCC933,
36CDC932,
36CEC931,
36CFC930,
36D0C92F,
36D1C92E,
36D2C92D,
36D3C92C,
36D4C92B,
36D5C92A,
36D6C929,
36D7C928,
36D8C927,
36D9C926,
36DAC925,
36DBC924,
36DCC923,
36DDC922,
36DEC921,
36DFC920,
36E0C91F,
36E1C91E,
36E2C91D,
36E3C91C,
36E4C91B,
36E5C91A,
36E6C919,
36E7C918,
36E8C917,
36E9C916,
36EAC915,
36EBC914,
36ECC913,
36EDC912,
36EEC911,
36EFC910,
36F0C90F,
36F1C90E,
36F2C90D,
36F3C90C,
36F4C90B,
36F5C90A,
36F6C909,
36F7C908,
36F8C907,
36F9C906,
36FAC905,
36FBC904,
36FCC903,
36FDC902,
36FEC901,
36FFC900,
3700C8FF,
3701C8FE,
3702C8FD,
3703C8FC,
3704C8FB,
3705C8FA,
3706C8F9,
3707C8F8,
3708C8F7,
3709C8F6,
370AC8F5,
370BC8F4,
370CC8F3,
370DC8F2,
370EC8F1,
370FC8F0,
3710C8EF,
3711C8EE,
3712C8ED,
3713C8EC,
3714C8EB,
3715C8EA,
3716C8E9,
3717C8E8,
3718C8E7,
3719C8E6,
371AC8E5,
371BC8E4,
371CC8E3,
371DC8E2,
371EC8E1,
371FC8E0,
3720C8DF,
3721C8DE,
3722C8DD,
3723C8DC,
3724C8DB,
3725C8DA,
3726C8D9,
3727C8D8,
3728C8D7,
3729C8D6,
372AC8D5,
372BC8D4,
372CC8D3,
372DC8D2,
372EC8D1,
372FC8D0,
3730C8CF,
3731C8CE,
3732C8CD,
3733C8CC,
3734C8CB,
3735C8CA,
3736C8C9,
3737C8C8,
3738C8C7,
3739C8C6,
373AC8C5,
373BC8C4,
373CC8C3,
373DC8C2,
373EC8C1,
373FC8C0,
3740C8BF,
3741C8BE,
3742C8BD,
3743C8BC,
3744C8BB,
3745C8BA,
3746C8B9,
3747C8B8,
3748C8B7,
3749C8B6,
374AC8B5,
374BC8B4,
374CC8B3,
374DC8B2,
374EC8B1,
374FC8B0,
3750C8AF,
3751C8AE,
3752C8AD,
3753C8AC,
3754C8AB,
3755C8AA,
3756C8A9,
3757C8A8,
3758C8A7,
3759C8A6,
375AC8A5,
375BC8A4,
375CC8A3,
375DC8A2,
375EC8A1,
375FC8A0,
3760C89F,
3761C89E,
3762C89D,
3763C89C,
3764C89B,
3765C89A,
3766C899,
3767C898,
3768C897,
3769C896,
376AC895,
376BC894,
376CC893,
376DC892,
376EC891,
376FC890,
3770C88F,
3771C88E,
3772C88D,
3773C88C,
3774C88B,
3775C88A,
3776C889,
3777C888,
3778C887,
3779C886,
377AC885,
377BC884,
377CC883,
377DC882,
377EC881,
377FC880,
3780C87F,
3781C87E,
3782C87D,
3783C87C,
3784C87B,
3785C87A,
3786C879,
3787C878,
3788C877,
3789C876,
378AC875,
378BC874,
378CC873,
378DC872,
378EC871,
378FC870,
3790C86F,
3791C86E,
3792C86D,
3793C86C,
3794C86B,
3795C86A,
3796C869,
3797C868,
3798C867,
3799C866,
379AC865,
379BC864,
379CC863,
379DC862,
379EC861,
379FC860,
37A0C85F,
37A1C85E,
37A2C85D,
37A3C85C,
37A4C85B,
37A5C85A,
37A6C859,
37A7C858,
37A8C857,
37A9C856,
37AAC855,
37ABC854,
37ACC853,
37ADC852,
37AEC851,
37AFC850,
37B0C84F,
37B1C84E,
37B2C84D,
37B3C84C,
37B4C84B,
37B5C84A,
37B6C849,
37B7C848,
37B8C847,
37B9C846,
37BAC845,
37BBC844,
37BCC843,
37BDC842,
37BEC841,
37BFC840,
37C0C83F,
37C1C83E,
37C2C83D,
37C3C83C,
37C4C83B,
37C5C83A,
37C6C839,
37C7C838,
37C8C837,
37C9C836,
37CAC835,
37CBC834,
37CCC833,
37CDC832,
37CEC831,
37CFC830,
37D0C82F,
37D1C82E,
37D2C82D,
37D3C82C,
37D4C82B,
37D5C82A,
37D6C829,
37D7C828,
37D8C827,
37D9C826,
37DAC825,
37DBC824,
37DCC823,
37DDC822,
37DEC821,
37DFC820,
37E0C81F,
37E1C81E,
37E2C81D,
37E3C81C,
37E4C81B,
37E5C81A,
37E6C819,
37E7C818,
37E8C817,
37E9C816,
37EAC815,
37EBC814,
37ECC813,
37EDC812,
37EEC811,
37EFC810,
37F0C80F,
37F1C80E,
37F2C80D,
37F3C80C,
37F4C80B,
37F5C80A,
37F6C809,
37F7C808,
37F8C807,
37F9C806,
37FAC805,
37FBC804,
37FCC803,
37FDC802,
37FEC801,
37FFC800,
3800C7FF,
3801C7FE,
3802C7FD,
3803C7FC,
3804C7FB,
3805C7FA,
3806C7F9,
3807C7F8,
3808C7F7,
3809C7F6,
380AC7F5,
380BC7F4,
380CC7F3,
380DC7F2,
380EC7F1,
380FC7F0,
3810C7EF,
3811C7EE,
3812C7ED,
3813C7EC,
3814C7EB,
3815C7EA,
3816C7E9,
3817C7E8,
3818C7E7,
3819C7E6,
381AC7E5,
381BC7E4,
381CC7E3,
381DC7E2,
381EC7E1,
381FC7E0,
3820C7DF,
3821C7DE,
3822C7DD,
3823C7DC,
3824C7DB,
3825C7DA,
3826C7D9,
3827C7D8,
3828C7D7,
3829C7D6,
382AC7D5,
382BC7D4,
382CC7D3,
382DC7D2,
382EC7D1,
382FC7D0,
3830C7CF,
3831C7CE,
3832C7CD,
3833C7CC,
3834C7CB,
3835C7CA,
3836C7C9,
3837C7C8,
3838C7C7,
3839C7C6,
383AC7C5,
383BC7C4,
383CC7C3,
383DC7C2,
383EC7C1,
383FC7C0,
3840C7BF,
3841C7BE,
3842C7BD,
3843C7BC,
3844C7BB,
3845C7BA,
3846C7B9,
3847C7B8,
3848C7B7,
3849C7B6,
384AC7B5,
384BC7B4,
384CC7B3,
384DC7B2,
384EC7B1,
384FC7B0,
3850C7AF,
3851C7AE,
3852C7AD,
3853C7AC,
3854C7AB,
3855C7AA,
3856C7A9,
3857C7A8,
3858C7A7,
3859C7A6,
385AC7A5,
385BC7A4,
385CC7A3,
385DC7A2,
385EC7A1,
385FC7A0,
3860C79F,
3861C79E,
3862C79D,
3863C79C,
3864C79B,
3865C79A,
3866C799,
3867C798,
3868C797,
3869C796,
386AC795,
386BC794,
386CC793,
386DC792,
386EC791,
386FC790,
3870C78F,
3871C78E,
3872C78D,
3873C78C,
3874C78B,
3875C78A,
3876C789,
3877C788,
3878C787,
3879C786,
387AC785,
387BC784,
387CC783,
387DC782,
387EC781,
387FC780,
3880C77F,
3881C77E,
3882C77D,
3883C77C,
3884C77B,
3885C77A,
3886C779,
3887C778,
3888C777,
3889C776,
388AC775,
388BC774,
388CC773,
388DC772,
388EC771,
388FC770,
3890C76F,
3891C76E,
3892C76D,
3893C76C,
3894C76B,
3895C76A,
3896C769,
3897C768,
3898C767,
3899C766,
389AC765,
389BC764,
389CC763,
389DC762,
389EC761,
389FC760,
38A0C75F,
38A1C75E,
38A2C75D,
38A3C75C,
38A4C75B,
38A5C75A,
38A6C759,
38A7C758,
38A8C757,
38A9C756,
38AAC755,
38ABC754,
38ACC753,
38ADC752,
38AEC751,
38AFC750,
38B0C74F,
38B1C74E,
38B2C74D,
38B3C74C,
38B4C74B,
38B5C74A,
38B6C749,
38B7C748,
38B8C747,
38B9C746,
38BAC745,
38BBC744,
38BCC743,
38BDC742,
38BEC741,
38BFC740,
38C0C73F,
38C1C73E,
38C2C73D,
38C3C73C,
38C4C73B,
38C5C73A,
38C6C739,
38C7C738,
38C8C737,
38C9C736,
38CAC735,
38CBC734,
38CCC733,
38CDC732,
38CEC731,
38CFC730,
38D0C72F,
38D1C72E,
38D2C72D,
38D3C72C,
38D4C72B,
38D5C72A,
38D6C729,
38D7C728,
38D8C727,
38D9C726,
38DAC725,
38DBC724,
38DCC723,
38DDC722,
38DEC721,
38DFC720,
38E0C71F,
38E1C71E,
38E2C71D,
38E3C71C,
38E4C71B,
38E5C71A,
38E6C719,
38E7C718,
38E8C717,
38E9C716,
38EAC715,
38EBC714,
38ECC713,
38EDC712,
38EEC711,
38EFC710,
38F0C70F,
38F1C70E,
38F2C70D,
38F3C70C,
38F4C70B,
38F5C70A,
38F6C709,
38F7C708,
38F8C707,
38F9C706,
38FAC705,
38FBC704,
38FCC703,
38FDC702,
38FEC701,
38FFC700,
3900C6FF,
3901C6FE,
3902C6FD,
3903C6FC,
3904C6FB,
3905C6FA,
3906C6F9,
3907C6F8,
3908C6F7,
3909C6F6,
390AC6F5,
390BC6F4,
390CC6F3,
390DC6F2,
390EC6F1,
390FC6F0,
3910C6EF,
3911C6EE,
3912C6ED,
3913C6EC,
3914C6EB,
3915C6EA,
3916C6E9,
3917C6E8,
3918C6E7,
3919C6E6,
391AC6E5,
391BC6E4,
391CC6E3,
391DC6E2,
391EC6E1,
391FC6E0,
3920C6DF,
3921C6DE,
3922C6DD,
3923C6DC,
3924C6DB,
3925C6DA,
3926C6D9,
3927C6D8,
3928C6D7,
3929C6D6,
392AC6D5,
392BC6D4,
392CC6D3,
392DC6D2,
392EC6D1,
392FC6D0,
3930C6CF,
3931C6CE,
3932C6CD,
3933C6CC,
3934C6CB,
3935C6CA,
3936C6C9,
3937C6C8,
3938C6C7,
3939C6C6,
393AC6C5,
393BC6C4,
393CC6C3,
393DC6C2,
393EC6C1,
393FC6C0,
3940C6BF,
3941C6BE,
3942C6BD,
3943C6BC,
3944C6BB,
3945C6BA,
3946C6B9,
3947C6B8,
3948C6B7,
3949C6B6,
394AC6B5,
394BC6B4,
394CC6B3,
394DC6B2,
394EC6B1,
394FC6B0,
3950C6AF,
3951C6AE,
3952C6AD,
3953C6AC,
3954C6AB,
3955C6AA,
3956C6A9,
3957C6A8,
3958C6A7,
3959C6A6,
395AC6A5,
395BC6A4,
395CC6A3,
395DC6A2,
395EC6A1,
395FC6A0,
3960C69F,
3961C69E,
3962C69D,
3963C69C,
3964C69B,
3965C69A,
3966C699,
3967C698,
3968C697,
3969C696,
396AC695,
396BC694,
396CC693,
396DC692,
396EC691,
396FC690,
3970C68F,
3971C68E,
3972C68D,
3973C68C,
3974C68B,
3975C68A,
3976C689,
3977C688,
3978C687,
3979C686,
397AC685,
397BC684,
397CC683,
397DC682,
397EC681,
397FC680,
3980C67F,
3981C67E,
3982C67D,
3983C67C,
3984C67B,
3985C67A,
3986C679,
3987C678,
3988C677,
3989C676,
398AC675,
398BC674,
398CC673,
398DC672,
398EC671,
398FC670,
3990C66F,
3991C66E,
3992C66D,
3993C66C,
3994C66B,
3995C66A,
3996C669,
3997C668,
3998C667,
3999C666,
399AC665,
399BC664,
399CC663,
399DC662,
399EC661,
399FC660,
39A0C65F,
39A1C65E,
39A2C65D,
39A3C65C,
39A4C65B,
39A5C65A,
39A6C659,
39A7C658,
39A8C657,
39A9C656,
39AAC655,
39ABC654,
39ACC653,
39ADC652,
39AEC651,
39AFC650,
39B0C64F,
39B1C64E,
39B2C64D,
39B3C64C,
39B4C64B,
39B5C64A,
39B6C649,
39B7C648,
39B8C647,
39B9C646,
39BAC645,
39BBC644,
39BCC643,
39BDC642,
39BEC641,
39BFC640,
39C0C63F,
39C1C63E,
39C2C63D,
39C3C63C,
39C4C63B,
39C5C63A,
39C6C639,
39C7C638,
39C8C637,
39C9C636,
39CAC635,
39CBC634,
39CCC633,
39CDC632,
39CEC631,
39CFC630,
39D0C62F,
39D1C62E,
39D2C62D,
39D3C62C,
39D4C62B,
39D5C62A,
39D6C629,
39D7C628,
39D8C627,
39D9C626,
39DAC625,
39DBC624,
39DCC623,
39DDC622,
39DEC621,
39DFC620,
39E0C61F,
39E1C61E,
39E2C61D,
39E3C61C,
39E4C61B,
39E5C61A,
39E6C619,
39E7C618,
39E8C617,
39E9C616,
39EAC615,
39EBC614,
39ECC613,
39EDC612,
39EEC611,
39EFC610,
39F0C60F,
39F1C60E,
39F2C60D,
39F3C60C,
39F4C60B,
39F5C60A,
39F6C609,
39F7C608,
39F8C607,
39F9C606,
39FAC605,
39FBC604,
39FCC603,
39FDC602,
39FEC601,
39FFC600,
3A00C5FF,
3A01C5FE,
3A02C5FD,
3A03C5FC,
3A04C5FB,
3A05C5FA,
3A06C5F9,
3A07C5F8,
3A08C5F7,
3A09C5F6,
3A0AC5F5,
3A0BC5F4,
3A0CC5F3,
3A0DC5F2,
3A0EC5F1,
3A0FC5F0,
3A10C5EF,
3A11C5EE,
3A12C5ED,
3A13C5EC,
3A14C5EB,
3A15C5EA,
3A16C5E9,
3A17C5E8,
3A18C5E7,
3A19C5E6,
3A1AC5E5,
3A1BC5E4,
3A1CC5E3,
3A1DC5E2,
3A1EC5E1,
3A1FC5E0,
3A20C5DF,
3A21C5DE,
3A22C5DD,
3A23C5DC,
3A24C5DB,
3A25C5DA,
3A26C5D9,
3A27C5D8,
3A28C5D7,
3A29C5D6,
3A2AC5D5,
3A2BC5D4,
3A2CC5D3,
3A2DC5D2,
3A2EC5D1,
3A2FC5D0,
3A30C5CF,
3A31C5CE,
3A32C5CD,
3A33C5CC,
3A34C5CB,
3A35C5CA,
3A36C5C9,
3A37C5C8,
3A38C5C7,
3A39C5C6,
3A3AC5C5,
3A3BC5C4,
3A3CC5C3,
3A3DC5C2,
3A3EC5C1,
3A3FC5C0,
3A40C5BF,
3A41C5BE,
3A42C5BD,
3A43C5BC,
3A44C5BB,
3A45C5BA,
3A46C5B9,
3A47C5B8,
3A48C5B7,
3A49C5B6,
3A4AC5B5,
3A4BC5B4,
3A4CC5B3,
3A4DC5B2,
3A4EC5B1,
3A4FC5B0,
3A50C5AF,
3A51C5AE,
3A52C5AD,
3A53C5AC,
3A54C5AB,
3A55C5AA,
3A56C5A9,
3A57C5A8,
3A58C5A7,
3A59C5A6,
3A5AC5A5,
3A5BC5A4,
3A5CC5A3,
3A5DC5A2,
3A5EC5A1,
3A5FC5A0,
3A60C59F,
3A61C59E,
3A62C59D,
3A63C59C,
3A64C59B,
3A65C59A,
3A66C599,
3A67C598,
3A68C597,
3A69C596,
3A6AC595,
3A6BC594,
3A6CC593,
3A6DC592,
3A6EC591,
3A6FC590,
3A70C58F,
3A71C58E,
3A72C58D,
3A73C58C,
3A74C58B,
3A75C58A,
3A76C589,
3A77C588,
3A78C587,
3A79C586,
3A7AC585,
3A7BC584,
3A7CC583,
3A7DC582,
3A7EC581,
3A7FC580,
3A80C57F,
3A81C57E,
3A82C57D,
3A83C57C,
3A84C57B,
3A85C57A,
3A86C579,
3A87C578,
3A88C577,
3A89C576,
3A8AC575,
3A8BC574,
3A8CC573,
3A8DC572,
3A8EC571,
3A8FC570,
3A90C56F,
3A91C56E,
3A92C56D,
3A93C56C,
3A94C56B,
3A95C56A,
3A96C569,
3A97C568,
3A98C567,
3A99C566,
3A9AC565,
3A9BC564,
3A9CC563,
3A9DC562,
3A9EC561,
3A9FC560,
3AA0C55F,
3AA1C55E,
3AA2C55D,
3AA3C55C,
3AA4C55B,
3AA5C55A,
3AA6C559,
3AA7C558,
3AA8C557,
3AA9C556,
3AAAC555,
3AABC554,
3AACC553,
3AADC552,
3AAEC551,
3AAFC550,
3AB0C54F,
3AB1C54E,
3AB2C54D,
3AB3C54C,
3AB4C54B,
3AB5C54A,
3AB6C549,
3AB7C548,
3AB8C547,
3AB9C546,
3ABAC545,
3ABBC544,
3ABCC543,
3ABDC542,
3ABEC541,
3ABFC540,
3AC0C53F,
3AC1C53E,
3AC2C53D,
3AC3C53C,
3AC4C53B,
3AC5C53A,
3AC6C539,
3AC7C538,
3AC8C537,
3AC9C536,
3ACAC535,
3ACBC534,
3ACCC533,
3ACDC532,
3ACEC531,
3ACFC530,
3AD0C52F,
3AD1C52E,
3AD2C52D,
3AD3C52C,
3AD4C52B,
3AD5C52A,
3AD6C529,
3AD7C528,
3AD8C527,
3AD9C526,
3ADAC525,
3ADBC524,
3ADCC523,
3ADDC522,
3ADEC521,
3ADFC520,
3AE0C51F,
3AE1C51E,
3AE2C51D,
3AE3C51C,
3AE4C51B,
3AE5C51A,
3AE6C519,
3AE7C518,
3AE8C517,
3AE9C516,
3AEAC515,
3AEBC514,
3AECC513,
3AEDC512,
3AEEC511,
3AEFC510,
3AF0C50F,
3AF1C50E,
3AF2C50D,
3AF3C50C,
3AF4C50B,
3AF5C50A,
3AF6C509,
3AF7C508,
3AF8C507,
3AF9C506,
3AFAC505,
3AFBC504,
3AFCC503,
3AFDC502,
3AFEC501,
3AFFC500,
3B00C4FF,
3B01C4FE,
3B02C4FD,
3B03C4FC,
3B04C4FB,
3B05C4FA,
3B06C4F9,
3B07C4F8,
3B08C4F7,
3B09C4F6,
3B0AC4F5,
3B0BC4F4,
3B0CC4F3,
3B0DC4F2,
3B0EC4F1,
3B0FC4F0,
3B10C4EF,
3B11C4EE,
3B12C4ED,
3B13C4EC,
3B14C4EB,
3B15C4EA,
3B16C4E9,
3B17C4E8,
3B18C4E7,
3B19C4E6,
3B1AC4E5,
3B1BC4E4,
3B1CC4E3,
3B1DC4E2,
3B1EC4E1,
3B1FC4E0,
3B20C4DF,
3B21C4DE,
3B22C4DD,
3B23C4DC,
3B24C4DB,
3B25C4DA,
3B26C4D9,
3B27C4D8,
3B28C4D7,
3B29C4D6,
3B2AC4D5,
3B2BC4D4,
3B2CC4D3,
3B2DC4D2,
3B2EC4D1,
3B2FC4D0,
3B30C4CF,
3B31C4CE,
3B32C4CD,
3B33C4CC,
3B34C4CB,
3B35C4CA,
3B36C4C9,
3B37C4C8,
3B38C4C7,
3B39C4C6,
3B3AC4C5,
3B3BC4C4,
3B3CC4C3,
3B3DC4C2,
3B3EC4C1,
3B3FC4C0,
3B40C4BF,
3B41C4BE,
3B42C4BD,
3B43C4BC,
3B44C4BB,
3B45C4BA,
3B46C4B9,
3B47C4B8,
3B48C4B7,
3B49C4B6,
3B4AC4B5,
3B4BC4B4,
3B4CC4B3,
3B4DC4B2,
3B4EC4B1,
3B4FC4B0,
3B50C4AF,
3B51C4AE,
3B52C4AD,
3B53C4AC,
3B54C4AB,
3B55C4AA,
3B56C4A9,
3B57C4A8,
3B58C4A7,
3B59C4A6,
3B5AC4A5,
3B5BC4A4,
3B5CC4A3,
3B5DC4A2,
3B5EC4A1,
3B5FC4A0,
3B60C49F,
3B61C49E,
3B62C49D,
3B63C49C,
3B64C49B,
3B65C49A,
3B66C499,
3B67C498,
3B68C497,
3B69C496,
3B6AC495,
3B6BC494,
3B6CC493,
3B6DC492,
3B6EC491,
3B6FC490,
3B70C48F,
3B71C48E,
3B72C48D,
3B73C48C,
3B74C48B,
3B75C48A,
3B76C489,
3B77C488,
3B78C487,
3B79C486,
3B7AC485,
3B7BC484,
3B7CC483,
3B7DC482,
3B7EC481,
3B7FC480,
3B80C47F,
3B81C47E,
3B82C47D,
3B83C47C,
3B84C47B,
3B85C47A,
3B86C479,
3B87C478,
3B88C477,
3B89C476,
3B8AC475,
3B8BC474,
3B8CC473,
3B8DC472,
3B8EC471,
3B8FC470,
3B90C46F,
3B91C46E,
3B92C46D,
3B93C46C,
3B94C46B,
3B95C46A,
3B96C469,
3B97C468,
3B98C467,
3B99C466,
3B9AC465,
3B9BC464,
3B9CC463,
3B9DC462,
3B9EC461,
3B9FC460,
3BA0C45F,
3BA1C45E,
3BA2C45D,
3BA3C45C,
3BA4C45B,
3BA5C45A,
3BA6C459,
3BA7C458,
3BA8C457,
3BA9C456,
3BAAC455,
3BABC454,
3BACC453,
3BADC452,
3BAEC451,
3BAFC450,
3BB0C44F,
3BB1C44E,
3BB2C44D,
3BB3C44C,
3BB4C44B,
3BB5C44A,
3BB6C449,
3BB7C448,
3BB8C447,
3BB9C446,
3BBAC445,
3BBBC444,
3BBCC443,
3BBDC442,
3BBEC441,
3BBFC440,
3BC0C43F,
3BC1C43E,
3BC2C43D,
3BC3C43C,
3BC4C43B,
3BC5C43A,
3BC6C439,
3BC7C438,
3BC8C437,
3BC9C436,
3BCAC435,
3BCBC434,
3BCCC433,
3BCDC432,
3BCEC431,
3BCFC430,
3BD0C42F,
3BD1C42E,
3BD2C42D,
3BD3C42C,
3BD4C42B,
3BD5C42A,
3BD6C429,
3BD7C428,
3BD8C427,
3BD9C426,
3BDAC425,
3BDBC424,
3BDCC423,
3BDDC422,
3BDEC421,
3BDFC420,
3BE0C41F,
3BE1C41E,
3BE2C41D,
3BE3C41C,
3BE4C41B,
3BE5C41A,
3BE6C419,
3BE7C418,
3BE8C417,
3BE9C416,
3BEAC415,
3BEBC414,
3BECC413,
3BEDC412,
3BEEC411,
3BEFC410,
3BF0C40F,
3BF1C40E,
3BF2C40D,
3BF3C40C,
3BF4C40B,
3BF5C40A,
3BF6C409,
3BF7C408,
3BF8C407,
3BF9C406,
3BFAC405,
3BFBC404,
3BFCC403,
3BFDC402,
3BFEC401,
3BFFC400,
3C00C3FF,
3C01C3FE,
3C02C3FD,
3C03C3FC,
3C04C3FB,
3C05C3FA,
3C06C3F9,
3C07C3F8,
3C08C3F7,
3C09C3F6,
3C0AC3F5,
3C0BC3F4,
3C0CC3F3,
3C0DC3F2,
3C0EC3F1,
3C0FC3F0,
3C10C3EF,
3C11C3EE,
3C12C3ED,
3C13C3EC,
3C14C3EB,
3C15C3EA,
3C16C3E9,
3C17C3E8,
3C18C3E7,
3C19C3E6,
3C1AC3E5,
3C1BC3E4,
3C1CC3E3,
3C1DC3E2,
3C1EC3E1,
3C1FC3E0,
3C20C3DF,
3C21C3DE,
3C22C3DD,
3C23C3DC,
3C24C3DB,
3C25C3DA,
3C26C3D9,
3C27C3D8,
3C28C3D7,
3C29C3D6,
3C2AC3D5,
3C2BC3D4,
3C2CC3D3,
3C2DC3D2,
3C2EC3D1,
3C2FC3D0,
3C30C3CF,
3C31C3CE,
3C32C3CD,
3C33C3CC,
3C34C3CB,
3C35C3CA,
3C36C3C9,
3C37C3C8,
3C38C3C7,
3C39C3C6,
3C3AC3C5,
3C3BC3C4,
3C3CC3C3,
3C3DC3C2,
3C3EC3C1,
3C3FC3C0,
3C40C3BF,
3C41C3BE,
3C42C3BD,
3C43C3BC,
3C44C3BB,
3C45C3BA,
3C46C3B9,
3C47C3B8,
3C48C3B7,
3C49C3B6,
3C4AC3B5,
3C4BC3B4,
3C4CC3B3,
3C4DC3B2,
3C4EC3B1,
3C4FC3B0,
3C50C3AF,
3C51C3AE,
3C52C3AD,
3C53C3AC,
3C54C3AB,
3C55C3AA,
3C56C3A9,
3C57C3A8,
3C58C3A7,
3C59C3A6,
3C5AC3A5,
3C5BC3A4,
3C5CC3A3,
3C5DC3A2,
3C5EC3A1,
3C5FC3A0,
3C60C39F,
3C61C39E,
3C62C39D,
3C63C39C,
3C64C39B,
3C65C39A,
3C66C399,
3C67C398,
3C68C397,
3C69C396,
3C6AC395,
3C6BC394,
3C6CC393,
3C6DC392,
3C6EC391,
3C6FC390,
3C70C38F,
3C71C38E,
3C72C38D,
3C73C38C,
3C74C38B,
3C75C38A,
3C76C389,
3C77C388,
3C78C387,
3C79C386,
3C7AC385,
3C7BC384,
3C7CC383,
3C7DC382,
3C7EC381,
3C7FC380,
3C80C37F,
3C81C37E,
3C82C37D,
3C83C37C,
3C84C37B,
3C85C37A,
3C86C379,
3C87C378,
3C88C377,
3C89C376,
3C8AC375,
3C8BC374,
3C8CC373,
3C8DC372,
3C8EC371,
3C8FC370,
3C90C36F,
3C91C36E,
3C92C36D,
3C93C36C,
3C94C36B,
3C95C36A,
3C96C369,
3C97C368,
3C98C367,
3C99C366,
3C9AC365,
3C9BC364,
3C9CC363,
3C9DC362,
3C9EC361,
3C9FC360,
3CA0C35F,
3CA1C35E,
3CA2C35D,
3CA3C35C,
3CA4C35B,
3CA5C35A,
3CA6C359,
3CA7C358,
3CA8C357,
3CA9C356,
3CAAC355,
3CABC354,
3CACC353,
3CADC352,
3CAEC351,
3CAFC350,
3CB0C34F,
3CB1C34E,
3CB2C34D,
3CB3C34C,
3CB4C34B,
3CB5C34A,
3CB6C349,
3CB7C348,
3CB8C347,
3CB9C346,
3CBAC345,
3CBBC344,
3CBCC343,
3CBDC342,
3CBEC341,
3CBFC340,
3CC0C33F,
3CC1C33E,
3CC2C33D,
3CC3C33C,
3CC4C33B,
3CC5C33A,
3CC6C339,
3CC7C338,
3CC8C337,
3CC9C336,
3CCAC335,
3CCBC334,
3CCCC333,
3CCDC332,
3CCEC331,
3CCFC330,
3CD0C32F,
3CD1C32E,
3CD2C32D,
3CD3C32C,
3CD4C32B,
3CD5C32A,
3CD6C329,
3CD7C328,
3CD8C327,
3CD9C326,
3CDAC325,
3CDBC324,
3CDCC323,
3CDDC322,
3CDEC321,
3CDFC320,
3CE0C31F,
3CE1C31E,
3CE2C31D,
3CE3C31C,
3CE4C31B,
3CE5C31A,
3CE6C319,
3CE7C318,
3CE8C317,
3CE9C316,
3CEAC315,
3CEBC314,
3CECC313,
3CEDC312,
3CEEC311,
3CEFC310,
3CF0C30F,
3CF1C30E,
3CF2C30D,
3CF3C30C,
3CF4C30B,
3CF5C30A,
3CF6C309,
3CF7C308,
3CF8C307,
3CF9C306,
3CFAC305,
3CFBC304,
3CFCC303,
3CFDC302,
3CFEC301,
3CFFC300,
3D00C2FF,
3D01C2FE,
3D02C2FD,
3D03C2FC,
3D04C2FB,
3D05C2FA,
3D06C2F9,
3D07C2F8,
3D08C2F7,
3D09C2F6,
3D0AC2F5,
3D0BC2F4,
3D0CC2F3,
3D0DC2F2,
3D0EC2F1,
3D0FC2F0,
3D10C2EF,
3D11C2EE,
3D12C2ED,
3D13C2EC,
3D14C2EB,
3D15C2EA,
3D16C2E9,
3D17C2E8,
3D18C2E7,
3D19C2E6,
3D1AC2E5,
3D1BC2E4,
3D1CC2E3,
3D1DC2E2,
3D1EC2E1,
3D1FC2E0,
3D20C2DF,
3D21C2DE,
3D22C2DD,
3D23C2DC,
3D24C2DB,
3D25C2DA,
3D26C2D9,
3D27C2D8,
3D28C2D7,
3D29C2D6,
3D2AC2D5,
3D2BC2D4,
3D2CC2D3,
3D2DC2D2,
3D2EC2D1,
3D2FC2D0,
3D30C2CF,
3D31C2CE,
3D32C2CD,
3D33C2CC,
3D34C2CB,
3D35C2CA,
3D36C2C9,
3D37C2C8,
3D38C2C7,
3D39C2C6,
3D3AC2C5,
3D3BC2C4,
3D3CC2C3,
3D3DC2C2,
3D3EC2C1,
3D3FC2C0,
3D40C2BF,
3D41C2BE,
3D42C2BD,
3D43C2BC,
3D44C2BB,
3D45C2BA,
3D46C2B9,
3D47C2B8,
3D48C2B7,
3D49C2B6,
3D4AC2B5,
3D4BC2B4,
3D4CC2B3,
3D4DC2B2,
3D4EC2B1,
3D4FC2B0,
3D50C2AF,
3D51C2AE,
3D52C2AD,
3D53C2AC,
3D54C2AB,
3D55C2AA,
3D56C2A9,
3D57C2A8,
3D58C2A7,
3D59C2A6,
3D5AC2A5,
3D5BC2A4,
3D5CC2A3,
3D5DC2A2,
3D5EC2A1,
3D5FC2A0,
3D60C29F,
3D61C29E,
3D62C29D,
3D63C29C,
3D64C29B,
3D65C29A,
3D66C299,
3D67C298,
3D68C297,
3D69C296,
3D6AC295,
3D6BC294,
3D6CC293,
3D6DC292,
3D6EC291,
3D6FC290,
3D70C28F,
3D71C28E,
3D72C28D,
3D73C28C,
3D74C28B,
3D75C28A,
3D76C289,
3D77C288,
3D78C287,
3D79C286,
3D7AC285,
3D7BC284,
3D7CC283,
3D7DC282,
3D7EC281,
3D7FC280,
3D80C27F,
3D81C27E,
3D82C27D,
3D83C27C,
3D84C27B,
3D85C27A,
3D86C279,
3D87C278,
3D88C277,
3D89C276,
3D8AC275,
3D8BC274,
3D8CC273,
3D8DC272,
3D8EC271,
3D8FC270,
3D90C26F,
3D91C26E,
3D92C26D,
3D93C26C,
3D94C26B,
3D95C26A,
3D96C269,
3D97C268,
3D98C267,
3D99C266,
3D9AC265,
3D9BC264,
3D9CC263,
3D9DC262,
3D9EC261,
3D9FC260,
3DA0C25F,
3DA1C25E,
3DA2C25D,
3DA3C25C,
3DA4C25B,
3DA5C25A,
3DA6C259,
3DA7C258,
3DA8C257,
3DA9C256,
3DAAC255,
3DABC254,
3DACC253,
3DADC252,
3DAEC251,
3DAFC250,
3DB0C24F,
3DB1C24E,
3DB2C24D,
3DB3C24C,
3DB4C24B,
3DB5C24A,
3DB6C249,
3DB7C248,
3DB8C247,
3DB9C246,
3DBAC245,
3DBBC244,
3DBCC243,
3DBDC242,
3DBEC241,
3DBFC240,
3DC0C23F,
3DC1C23E,
3DC2C23D,
3DC3C23C,
3DC4C23B,
3DC5C23A,
3DC6C239,
3DC7C238,
3DC8C237,
3DC9C236,
3DCAC235,
3DCBC234,
3DCCC233,
3DCDC232,
3DCEC231,
3DCFC230,
3DD0C22F,
3DD1C22E,
3DD2C22D,
3DD3C22C,
3DD4C22B,
3DD5C22A,
3DD6C229,
3DD7C228,
3DD8C227,
3DD9C226,
3DDAC225,
3DDBC224,
3DDCC223,
3DDDC222,
3DDEC221,
3DDFC220,
3DE0C21F,
3DE1C21E,
3DE2C21D,
3DE3C21C,
3DE4C21B,
3DE5C21A,
3DE6C219,
3DE7C218,
3DE8C217,
3DE9C216,
3DEAC215,
3DEBC214,
3DECC213,
3DEDC212,
3DEEC211,
3DEFC210,
3DF0C20F,
3DF1C20E,
3DF2C20D,
3DF3C20C,
3DF4C20B,
3DF5C20A,
3DF6C209,
3DF7C208,
3DF8C207,
3DF9C206,
3DFAC205,
3DFBC204,
3DFCC203,
3DFDC202,
3DFEC201,
3DFFC200,
3E00C1FF,
3E01C1FE,
3E02C1FD,
3E03C1FC,
3E04C1FB,
3E05C1FA,
3E06C1F9,
3E07C1F8,
3E08C1F7,
3E09C1F6,
3E0AC1F5,
3E0BC1F4,
3E0CC1F3,
3E0DC1F2,
3E0EC1F1,
3E0FC1F0,
3E10C1EF,
3E11C1EE,
3E12C1ED,
3E13C1EC,
3E14C1EB,
3E15C1EA,
3E16C1E9,
3E17C1E8,
3E18C1E7,
3E19C1E6,
3E1AC1E5,
3E1BC1E4,
3E1CC1E3,
3E1DC1E2,
3E1EC1E1,
3E1FC1E0,
3E20C1DF,
3E21C1DE,
3E22C1DD,
3E23C1DC,
3E24C1DB,
3E25C1DA,
3E26C1D9,
3E27C1D8,
3E28C1D7,
3E29C1D6,
3E2AC1D5,
3E2BC1D4,
3E2CC1D3,
3E2DC1D2,
3E2EC1D1,
3E2FC1D0,
3E30C1CF,
3E31C1CE,
3E32C1CD,
3E33C1CC,
3E34C1CB,
3E35C1CA,
3E36C1C9,
3E37C1C8,
3E38C1C7,
3E39C1C6,
3E3AC1C5,
3E3BC1C4,
3E3CC1C3,
3E3DC1C2,
3E3EC1C1,
3E3FC1C0,
3E40C1BF,
3E41C1BE,
3E42C1BD,
3E43C1BC,
3E44C1BB,
3E45C1BA,
3E46C1B9,
3E47C1B8,
3E48C1B7,
3E49C1B6,
3E4AC1B5,
3E4BC1B4,
3E4CC1B3,
3E4DC1B2,
3E4EC1B1,
3E4FC1B0,
3E50C1AF,
3E51C1AE,
3E52C1AD,
3E53C1AC,
3E54C1AB,
3E55C1AA,
3E56C1A9,
3E57C1A8,
3E58C1A7,
3E59C1A6,
3E5AC1A5,
3E5BC1A4,
3E5CC1A3,
3E5DC1A2,
3E5EC1A1,
3E5FC1A0,
3E60C19F,
3E61C19E,
3E62C19D,
3E63C19C,
3E64C19B,
3E65C19A,
3E66C199,
3E67C198,
3E68C197,
3E69C196,
3E6AC195,
3E6BC194,
3E6CC193,
3E6DC192,
3E6EC191,
3E6FC190,
3E70C18F,
3E71C18E,
3E72C18D,
3E73C18C,
3E74C18B,
3E75C18A,
3E76C189,
3E77C188,
3E78C187,
3E79C186,
3E7AC185,
3E7BC184,
3E7CC183,
3E7DC182,
3E7EC181,
3E7FC180,
3E80C17F,
3E81C17E,
3E82C17D,
3E83C17C,
3E84C17B,
3E85C17A,
3E86C179,
3E87C178,
3E88C177,
3E89C176,
3E8AC175,
3E8BC174,
3E8CC173,
3E8DC172,
3E8EC171,
3E8FC170,
3E90C16F,
3E91C16E,
3E92C16D,
3E93C16C,
3E94C16B,
3E95C16A,
3E96C169,
3E97C168,
3E98C167,
3E99C166,
3E9AC165,
3E9BC164,
3E9CC163,
3E9DC162,
3E9EC161,
3E9FC160,
3EA0C15F,
3EA1C15E,
3EA2C15D,
3EA3C15C,
3EA4C15B,
3EA5C15A,
3EA6C159,
3EA7C158,
3EA8C157,
3EA9C156,
3EAAC155,
3EABC154,
3EACC153,
3EADC152,
3EAEC151,
3EAFC150,
3EB0C14F,
3EB1C14E,
3EB2C14D,
3EB3C14C,
3EB4C14B,
3EB5C14A,
3EB6C149,
3EB7C148,
3EB8C147,
3EB9C146,
3EBAC145,
3EBBC144,
3EBCC143,
3EBDC142,
3EBEC141,
3EBFC140,
3EC0C13F,
3EC1C13E,
3EC2C13D,
3EC3C13C,
3EC4C13B,
3EC5C13A,
3EC6C139,
3EC7C138,
3EC8C137,
3EC9C136,
3ECAC135,
3ECBC134,
3ECCC133,
3ECDC132,
3ECEC131,
3ECFC130,
3ED0C12F,
3ED1C12E,
3ED2C12D,
3ED3C12C,
3ED4C12B,
3ED5C12A,
3ED6C129,
3ED7C128,
3ED8C127,
3ED9C126,
3EDAC125,
3EDBC124,
3EDCC123,
3EDDC122,
3EDEC121,
3EDFC120,
3EE0C11F,
3EE1C11E,
3EE2C11D,
3EE3C11C,
3EE4C11B,
3EE5C11A,
3EE6C119,
3EE7C118,
3EE8C117,
3EE9C116,
3EEAC115,
3EEBC114,
3EECC113,
3EEDC112,
3EEEC111,
3EEFC110,
3EF0C10F,
3EF1C10E,
3EF2C10D,
3EF3C10C,
3EF4C10B,
3EF5C10A,
3EF6C109,
3EF7C108,
3EF8C107,
3EF9C106,
3EFAC105,
3EFBC104,
3EFCC103,
3EFDC102,
3EFEC101,
3EFFC100,
3F00C0FF,
3F01C0FE,
3F02C0FD,
3F03C0FC,
3F04C0FB,
3F05C0FA,
3F06C0F9,
3F07C0F8,
3F08C0F7,
3F09C0F6,
3F0AC0F5,
3F0BC0F4,
3F0CC0F3,
3F0DC0F2,
3F0EC0F1,
3F0FC0F0,
3F10C0EF,
3F11C0EE,
3F12C0ED,
3F13C0EC,
3F14C0EB,
3F15C0EA,
3F16C0E9,
3F17C0E8,
3F18C0E7,
3F19C0E6,
3F1AC0E5,
3F1BC0E4,
3F1CC0E3,
3F1DC0E2,
3F1EC0E1,
3F1FC0E0,
3F20C0DF,
3F21C0DE,
3F22C0DD,
3F23C0DC,
3F24C0DB,
3F25C0DA,
3F26C0D9,
3F27C0D8,
3F28C0D7,
3F29C0D6,
3F2AC0D5,
3F2BC0D4,
3F2CC0D3,
3F2DC0D2,
3F2EC0D1,
3F2FC0D0,
3F30C0CF,
3F31C0CE,
3F32C0CD,
3F33C0CC,
3F34C0CB,
3F35C0CA,
3F36C0C9,
3F37C0C8,
3F38C0C7,
3F39C0C6,
3F3AC0C5,
3F3BC0C4,
3F3CC0C3,
3F3DC0C2,
3F3EC0C1,
3F3FC0C0,
3F40C0BF,
3F41C0BE,
3F42C0BD,
3F43C0BC,
3F44C0BB,
3F45C0BA,
3F46C0B9,
3F47C0B8,
3F48C0B7,
3F49C0B6,
3F4AC0B5,
3F4BC0B4,
3F4CC0B3,
3F4DC0B2,
3F4EC0B1,
3F4FC0B0,
3F50C0AF,
3F51C0AE,
3F52C0AD,
3F53C0AC,
3F54C0AB,
3F55C0AA,
3F56C0A9,
3F57C0A8,
3F58C0A7,
3F59C0A6,
3F5AC0A5,
3F5BC0A4,
3F5CC0A3,
3F5DC0A2,
3F5EC0A1,
3F5FC0A0,
3F60C09F,
3F61C09E,
3F62C09D,
3F63C09C,
3F64C09B,
3F65C09A,
3F66C099,
3F67C098,
3F68C097,
3F69C096,
3F6AC095,
3F6BC094,
3F6CC093,
3F6DC092,
3F6EC091,
3F6FC090,
3F70C08F,
3F71C08E,
3F72C08D,
3F73C08C,
3F74C08B,
3F75C08A,
3F76C089,
3F77C088,
3F78C087,
3F79C086,
3F7AC085,
3F7BC084,
3F7CC083,
3F7DC082,
3F7EC081,
3F7FC080,
3F80C07F,
3F81C07E,
3F82C07D,
3F83C07C,
3F84C07B,
3F85C07A,
3F86C079,
3F87C078,
3F88C077,
3F89C076,
3F8AC075,
3F8BC074,
3F8CC073,
3F8DC072,
3F8EC071,
3F8FC070,
3F90C06F,
3F91C06E,
3F92C06D,
3F93C06C,
3F94C06B,
3F95C06A,
3F96C069,
3F97C068,
3F98C067,
3F99C066,
3F9AC065,
3F9BC064,
3F9CC063,
3F9DC062,
3F9EC061,
3F9FC060,
3FA0C05F,
3FA1C05E,
3FA2C05D,
3FA3C05C,
3FA4C05B,
3FA5C05A,
3FA6C059,
3FA7C058,
3FA8C057,
3FA9C056,
3FAAC055,
3FABC054,
3FACC053,
3FADC052,
3FAEC051,
3FAFC050,
3FB0C04F,
3FB1C04E,
3FB2C04D,
3FB3C04C,
3FB4C04B,
3FB5C04A,
3FB6C049,
3FB7C048,
3FB8C047,
3FB9C046,
3FBAC045,
3FBBC044,
3FBCC043,
3FBDC042,
3FBEC041,
3FBFC040,
3FC0C03F,
3FC1C03E,
3FC2C03D,
3FC3C03C,
3FC4C03B,
3FC5C03A,
3FC6C039,
3FC7C038,
3FC8C037,
3FC9C036,
3FCAC035,
3FCBC034,
3FCCC033,
3FCDC032,
3FCEC031,
3FCFC030,
3FD0C02F,
3FD1C02E,
3FD2C02D,
3FD3C02C,
3FD4C02B,
3FD5C02A,
3FD6C029,
3FD7C028,
3FD8C027,
3FD9C026,
3FDAC025,
3FDBC024,
3FDCC023,
3FDDC022,
3FDEC021,
3FDFC020,
3FE0C01F,
3FE1C01E,
3FE2C01D,
3FE3C01C,
3FE4C01B,
3FE5C01A,
3FE6C019,
3FE7C018,
3FE8C017,
3FE9C016,
3FEAC015,
3FEBC014,
3FECC013,
3FEDC012,
3FEEC011,
3FEFC010,
3FF0C00F,
3FF1C00E,
3FF2C00D,
3FF3C00C,
3FF4C00B,
3FF5C00A,
3FF6C009,
3FF7C008,
3FF8C007,
3FF9C006,
3FFAC005,
3FFBC004,
3FFCC003,
3FFDC002,
55AACC03,
AA5503CC;
